--------------------------------------------------------
-- Archivo creado  - martes-enero-28-2020   
--------------------------------------------------------
--------------------------------------------------------
--  DDL for Table OPINION
--------------------------------------------------------

  CREATE TABLE "PELICULASDB"."OPINION" 
   (	"IDOPINION" NUMBER, 
	"IDPELICULA" NUMBER, 
	"IDUSUARIO" NUMBER, 
	"OPINION" VARCHAR2(140 BYTE), 
	"PUNTUACION" NUMBER, 
	"FECHA" DATE
   ) SEGMENT CREATION IMMEDIATE 
  PCTFREE 10 PCTUSED 40 INITRANS 1 MAXTRANS 255 
 NOCOMPRESS LOGGING
  STORAGE(INITIAL 65536 NEXT 1048576 MINEXTENTS 1 MAXEXTENTS 2147483645
  PCTINCREASE 0 FREELISTS 1 FREELIST GROUPS 1
  BUFFER_POOL DEFAULT FLASH_CACHE DEFAULT CELL_FLASH_CACHE DEFAULT)
  TABLESPACE "USERS" ;
--------------------------------------------------------
--  DDL for Table OPINION_HISTORICO
--------------------------------------------------------

  CREATE TABLE "PELICULASDB"."OPINION_HISTORICO" 
   (	"IDOPINIONHISTORICO" NUMBER, 
	"OPINION" VARCHAR2(140 BYTE), 
	"ACCION" VARCHAR2(20 BYTE), 
	"USUARIOMODIFICACION" VARCHAR2(20 BYTE), 
	"FECHAMODIFICACION" DATE
   ) SEGMENT CREATION IMMEDIATE 
  PCTFREE 10 PCTUSED 40 INITRANS 1 MAXTRANS 255 
 NOCOMPRESS LOGGING
  STORAGE(INITIAL 65536 NEXT 1048576 MINEXTENTS 1 MAXEXTENTS 2147483645
  PCTINCREASE 0 FREELISTS 1 FREELIST GROUPS 1
  BUFFER_POOL DEFAULT FLASH_CACHE DEFAULT CELL_FLASH_CACHE DEFAULT)
  TABLESPACE "USERS" ;
--------------------------------------------------------
--  DDL for Table PELICULA
--------------------------------------------------------

  CREATE TABLE "PELICULASDB"."PELICULA" 
   (	"IDPELICULA" NUMBER, 
	"TITULO" VARCHAR2(50 BYTE), 
	"AÑO" NUMBER, 
	"MINUTOSDURACION" NUMBER(*,0), 
	"DESCRIPCION" VARCHAR2(255 BYTE)
   ) SEGMENT CREATION IMMEDIATE 
  PCTFREE 10 PCTUSED 40 INITRANS 1 MAXTRANS 255 
 NOCOMPRESS LOGGING
  STORAGE(INITIAL 65536 NEXT 1048576 MINEXTENTS 1 MAXEXTENTS 2147483645
  PCTINCREASE 0 FREELISTS 1 FREELIST GROUPS 1
  BUFFER_POOL DEFAULT FLASH_CACHE DEFAULT CELL_FLASH_CACHE DEFAULT)
  TABLESPACE "USERS" ;
--------------------------------------------------------
--  DDL for Table USUARIO
--------------------------------------------------------

  CREATE TABLE "PELICULASDB"."USUARIO" 
   (	"IDUSUARIO" NUMBER, 
	"APODO" VARCHAR2(20 BYTE), 
	"EMAIL" VARCHAR2(320 BYTE), 
	"PASSWORD" VARCHAR2(50 BYTE)
   ) SEGMENT CREATION IMMEDIATE 
  PCTFREE 10 PCTUSED 40 INITRANS 1 MAXTRANS 255 
 NOCOMPRESS LOGGING
  STORAGE(INITIAL 65536 NEXT 1048576 MINEXTENTS 1 MAXEXTENTS 2147483645
  PCTINCREASE 0 FREELISTS 1 FREELIST GROUPS 1
  BUFFER_POOL DEFAULT FLASH_CACHE DEFAULT CELL_FLASH_CACHE DEFAULT)
  TABLESPACE "USERS" ;
REM INSERTING into PELICULASDB.OPINION
SET DEFINE OFF;
Insert into PELICULASDB.OPINION (IDOPINION,IDPELICULA,IDUSUARIO,OPINION,PUNTUACION,FECHA) values ('26','5','5','Me parecio buena','4',to_date('08/10/19','DD/MM/RR'));
Insert into PELICULASDB.OPINION (IDOPINION,IDPELICULA,IDUSUARIO,OPINION,PUNTUACION,FECHA) values ('3','1','2','Agradable metraje','4',to_date('11/10/19','DD/MM/RR'));
Insert into PELICULASDB.OPINION (IDOPINION,IDPELICULA,IDUSUARIO,OPINION,PUNTUACION,FECHA) values ('4','1','3','Un poco sobrevalorada','3',to_date('10/10/19','DD/MM/RR'));
Insert into PELICULASDB.OPINION (IDOPINION,IDPELICULA,IDUSUARIO,OPINION,PUNTUACION,FECHA) values ('5','1','4','Regular','3',to_date('10/10/19','DD/MM/RR'));
Insert into PELICULASDB.OPINION (IDOPINION,IDPELICULA,IDUSUARIO,OPINION,PUNTUACION,FECHA) values ('6','2','1','muy mala','1',to_date('08/10/19','DD/MM/RR'));
Insert into PELICULASDB.OPINION (IDOPINION,IDPELICULA,IDUSUARIO,OPINION,PUNTUACION,FECHA) values ('7','2','2','Excelenteeeeee','5',to_date('12/10/19','DD/MM/RR'));
Insert into PELICULASDB.OPINION (IDOPINION,IDPELICULA,IDUSUARIO,OPINION,PUNTUACION,FECHA) values ('8','2','3','Divertida','4',to_date('11/10/19','DD/MM/RR'));
Insert into PELICULASDB.OPINION (IDOPINION,IDPELICULA,IDUSUARIO,OPINION,PUNTUACION,FECHA) values ('9','2','4','Es FAN TAS TI CA','5',to_date('12/10/19','DD/MM/RR'));
Insert into PELICULASDB.OPINION (IDOPINION,IDPELICULA,IDUSUARIO,OPINION,PUNTUACION,FECHA) values ('10','3','1','Me super gusto. Genial','5',to_date('12/10/19','DD/MM/RR'));
Insert into PELICULASDB.OPINION (IDOPINION,IDPELICULA,IDUSUARIO,OPINION,PUNTUACION,FECHA) values ('11','3','2','Para mi son 5 estrellas','5',to_date('12/10/19','DD/MM/RR'));
Insert into PELICULASDB.OPINION (IDOPINION,IDPELICULA,IDUSUARIO,OPINION,PUNTUACION,FECHA) values ('12','3','3','Buena para pasar el rato','3',to_date('10/10/19','DD/MM/RR'));
Insert into PELICULASDB.OPINION (IDOPINION,IDPELICULA,IDUSUARIO,OPINION,PUNTUACION,FECHA) values ('14','4','1','Le falto algo','2',to_date('09/10/19','DD/MM/RR'));
Insert into PELICULASDB.OPINION (IDOPINION,IDPELICULA,IDUSUARIO,OPINION,PUNTUACION,FECHA) values ('15','4','2','no me gusto','1',to_date('08/10/19','DD/MM/RR'));
Insert into PELICULASDB.OPINION (IDOPINION,IDPELICULA,IDUSUARIO,OPINION,PUNTUACION,FECHA) values ('16','4','3','No merece menos que el maximo puntaje','5',to_date('12/10/19','DD/MM/RR'));
Insert into PELICULASDB.OPINION (IDOPINION,IDPELICULA,IDUSUARIO,OPINION,PUNTUACION,FECHA) values ('17','4','4','Un genial largometraje','4',to_date('11/10/19','DD/MM/RR'));
Insert into PELICULASDB.OPINION (IDOPINION,IDPELICULA,IDUSUARIO,OPINION,PUNTUACION,FECHA) values ('18','5','1','Bastante buena!!','4',to_date('11/10/19','DD/MM/RR'));
Insert into PELICULASDB.OPINION (IDOPINION,IDPELICULA,IDUSUARIO,OPINION,PUNTUACION,FECHA) values ('19','5','2','La peli estuvo bien, le falto acción','3',to_date('10/10/19','DD/MM/RR'));
Insert into PELICULASDB.OPINION (IDOPINION,IDPELICULA,IDUSUARIO,OPINION,PUNTUACION,FECHA) values ('20','5','3','EXCELENTE!!!!','5',to_date('12/10/19','DD/MM/RR'));
Insert into PELICULASDB.OPINION (IDOPINION,IDPELICULA,IDUSUARIO,OPINION,PUNTUACION,FECHA) values ('21','5','4','no la recomiendo nada','1',to_date('08/10/19','DD/MM/RR'));
Insert into PELICULASDB.OPINION (IDOPINION,IDPELICULA,IDUSUARIO,OPINION,PUNTUACION,FECHA) values ('22','6','1','Gran gran peli, muy atrapante','5',to_date('12/10/19','DD/MM/RR'));
Insert into PELICULASDB.OPINION (IDOPINION,IDPELICULA,IDUSUARIO,OPINION,PUNTUACION,FECHA) values ('24','6','3','La mejor peli!','5',to_date('12/10/19','DD/MM/RR'));
Insert into PELICULASDB.OPINION (IDOPINION,IDPELICULA,IDUSUARIO,OPINION,PUNTUACION,FECHA) values ('25','6','4','Aburridisma movie','1',to_date('08/10/19','DD/MM/RR'));
REM INSERTING into PELICULASDB.OPINION_HISTORICO
SET DEFINE OFF;
Insert into PELICULASDB.OPINION_HISTORICO (IDOPINIONHISTORICO,OPINION,ACCION,USUARIOMODIFICACION,FECHAMODIFICACION) values ('1','Aburridisma movie :(','Editado','PELICULASDB',to_date('26/01/20','DD/MM/RR'));
Insert into PELICULASDB.OPINION_HISTORICO (IDOPINIONHISTORICO,OPINION,ACCION,USUARIOMODIFICACION,FECHAMODIFICACION) values ('2','asdasdasd','Editado','PELICULASDB',to_date('26/01/20','DD/MM/RR'));
Insert into PELICULASDB.OPINION_HISTORICO (IDOPINIONHISTORICO,OPINION,ACCION,USUARIOMODIFICACION,FECHAMODIFICACION) values ('3','asdasdasd1111111111111','Borrado','PELICULASDB',to_date('26/01/20','DD/MM/RR'));
REM INSERTING into PELICULASDB.PELICULA
SET DEFINE OFF;
Insert into PELICULASDB.PELICULA (IDPELICULA,TITULO,"AÑO",MINUTOSDURACION,DESCRIPCION) values ('1','Avengers: Endgame','2019','181','Los Vengadores restantes deben encontrar una manera de recuperar a sus aliados para un enfrentamiento épico con Thanos, el malvado que diezmó el planeta y el universo.');
Insert into PELICULASDB.PELICULA (IDPELICULA,TITULO,"AÑO",MINUTOSDURACION,DESCRIPCION) values ('2','Toy Story 4','2019','100','Los juguetes se embarcarán en una aventura que no olvidarán jamás durante un viaje por carretera.');
Insert into PELICULASDB.PELICULA (IDPELICULA,TITULO,"AÑO",MINUTOSDURACION,DESCRIPCION) values ('3','The New Mutants','2020','90','The New Mutants es una película de terror de superhéroes estadounidense próxima a estrenarse, basada en el cómic de la editorial Marvel Comics del mismo nombre');
Insert into PELICULASDB.PELICULA (IDPELICULA,TITULO,"AÑO",MINUTOSDURACION,DESCRIPCION) values ('4','Bad Boys 3','2020','95','Es una secuela de Bad Boys y Bad Boys II y la tercera entrega de la franquicia Bad Boys.');
Insert into PELICULASDB.PELICULA (IDPELICULA,TITULO,"AÑO",MINUTOSDURACION,DESCRIPCION) values ('5','Bohemian Rhapsody','2018','134','Freddie Mercury desafía los estereotipos y se convierte en uno de los vocalistas más reconocidos de la música mundial.');
Insert into PELICULASDB.PELICULA (IDPELICULA,TITULO,"AÑO",MINUTOSDURACION,DESCRIPCION) values ('6','Coco','2017','105',null);
REM INSERTING into PELICULASDB.USUARIO
SET DEFINE OFF;
Insert into PELICULASDB.USUARIO (IDUSUARIO,APODO,EMAIL,PASSWORD) values ('5','PerezRaul954','familiaperez@mailejemplo.com','9C98DF872D24244696C393A1D26AB749');
Insert into PELICULASDB.USUARIO (IDUSUARIO,APODO,EMAIL,PASSWORD) values ('6','aaaaa','bbbb','cccccc');
Insert into PELICULASDB.USUARIO (IDUSUARIO,APODO,EMAIL,PASSWORD) values ('7','JuanPerez123sd','asdasdrwewq','y56u5u7');
Insert into PELICULASDB.USUARIO (IDUSUARIO,APODO,EMAIL,PASSWORD) values ('1','JuanPerez123','familiaperez@mailejemplo.com','E99A18C428CB38D5F260853678922E03');
Insert into PELICULASDB.USUARIO (IDUSUARIO,APODO,EMAIL,PASSWORD) values ('2','Pedro456','pedro@mailejemplo.com','F26C2F431A8F57AE8013881556F8E279');
Insert into PELICULASDB.USUARIO (IDUSUARIO,APODO,EMAIL,PASSWORD) values ('3','Maria789','maria@mailejemplo.com','8195BDE6F76982023B6A4638E3930230');
Insert into PELICULASDB.USUARIO (IDUSUARIO,APODO,EMAIL,PASSWORD) values ('4','Josefina987','josefina@mailejemplo.com','F5A0F6D06DB71B24779BEC577BA31C29');
--------------------------------------------------------
--  DDL for Index OPINION_PK
--------------------------------------------------------

  CREATE UNIQUE INDEX "PELICULASDB"."OPINION_PK" ON "PELICULASDB"."OPINION" ("IDOPINION") 
  PCTFREE 10 INITRANS 2 MAXTRANS 255 COMPUTE STATISTICS 
  STORAGE(INITIAL 65536 NEXT 1048576 MINEXTENTS 1 MAXEXTENTS 2147483645
  PCTINCREASE 0 FREELISTS 1 FREELIST GROUPS 1
  BUFFER_POOL DEFAULT FLASH_CACHE DEFAULT CELL_FLASH_CACHE DEFAULT)
  TABLESPACE "USERS" ;
--------------------------------------------------------
--  DDL for Index PELICULA_PK
--------------------------------------------------------

  CREATE UNIQUE INDEX "PELICULASDB"."PELICULA_PK" ON "PELICULASDB"."PELICULA" ("IDPELICULA") 
  PCTFREE 10 INITRANS 2 MAXTRANS 255 COMPUTE STATISTICS 
  STORAGE(INITIAL 65536 NEXT 1048576 MINEXTENTS 1 MAXEXTENTS 2147483645
  PCTINCREASE 0 FREELISTS 1 FREELIST GROUPS 1
  BUFFER_POOL DEFAULT FLASH_CACHE DEFAULT CELL_FLASH_CACHE DEFAULT)
  TABLESPACE "USERS" ;
--------------------------------------------------------
--  DDL for Index OPINION_HISTORICO_PK
--------------------------------------------------------

  CREATE UNIQUE INDEX "PELICULASDB"."OPINION_HISTORICO_PK" ON "PELICULASDB"."OPINION_HISTORICO" ("IDOPINIONHISTORICO") 
  PCTFREE 10 INITRANS 2 MAXTRANS 255 COMPUTE STATISTICS 
  STORAGE(INITIAL 65536 NEXT 1048576 MINEXTENTS 1 MAXEXTENTS 2147483645
  PCTINCREASE 0 FREELISTS 1 FREELIST GROUPS 1
  BUFFER_POOL DEFAULT FLASH_CACHE DEFAULT CELL_FLASH_CACHE DEFAULT)
  TABLESPACE "USERS" ;
--------------------------------------------------------
--  DDL for Index USUARIO_PK
--------------------------------------------------------

  CREATE UNIQUE INDEX "PELICULASDB"."USUARIO_PK" ON "PELICULASDB"."USUARIO" ("IDUSUARIO") 
  PCTFREE 10 INITRANS 2 MAXTRANS 255 COMPUTE STATISTICS 
  STORAGE(INITIAL 65536 NEXT 1048576 MINEXTENTS 1 MAXEXTENTS 2147483645
  PCTINCREASE 0 FREELISTS 1 FREELIST GROUPS 1
  BUFFER_POOL DEFAULT FLASH_CACHE DEFAULT CELL_FLASH_CACHE DEFAULT)
  TABLESPACE "USERS" ;
--------------------------------------------------------
--  Constraints for Table USUARIO
--------------------------------------------------------

  ALTER TABLE "PELICULASDB"."USUARIO" MODIFY ("IDUSUARIO" NOT NULL ENABLE);
  ALTER TABLE "PELICULASDB"."USUARIO" ADD CONSTRAINT "USUARIO_PK" PRIMARY KEY ("IDUSUARIO")
  USING INDEX PCTFREE 10 INITRANS 2 MAXTRANS 255 COMPUTE STATISTICS 
  STORAGE(INITIAL 65536 NEXT 1048576 MINEXTENTS 1 MAXEXTENTS 2147483645
  PCTINCREASE 0 FREELISTS 1 FREELIST GROUPS 1
  BUFFER_POOL DEFAULT FLASH_CACHE DEFAULT CELL_FLASH_CACHE DEFAULT)
  TABLESPACE "USERS"  ENABLE;
--------------------------------------------------------
--  Constraints for Table PELICULA
--------------------------------------------------------

  ALTER TABLE "PELICULASDB"."PELICULA" MODIFY ("IDPELICULA" NOT NULL ENABLE);
  ALTER TABLE "PELICULASDB"."PELICULA" ADD CONSTRAINT "PELICULA_PK" PRIMARY KEY ("IDPELICULA")
  USING INDEX PCTFREE 10 INITRANS 2 MAXTRANS 255 COMPUTE STATISTICS 
  STORAGE(INITIAL 65536 NEXT 1048576 MINEXTENTS 1 MAXEXTENTS 2147483645
  PCTINCREASE 0 FREELISTS 1 FREELIST GROUPS 1
  BUFFER_POOL DEFAULT FLASH_CACHE DEFAULT CELL_FLASH_CACHE DEFAULT)
  TABLESPACE "USERS"  ENABLE;
--------------------------------------------------------
--  Constraints for Table OPINION_HISTORICO
--------------------------------------------------------

  ALTER TABLE "PELICULASDB"."OPINION_HISTORICO" MODIFY ("IDOPINIONHISTORICO" NOT NULL ENABLE);
  ALTER TABLE "PELICULASDB"."OPINION_HISTORICO" ADD CONSTRAINT "OPINION_HISTORICO_PK" PRIMARY KEY ("IDOPINIONHISTORICO")
  USING INDEX PCTFREE 10 INITRANS 2 MAXTRANS 255 COMPUTE STATISTICS 
  STORAGE(INITIAL 65536 NEXT 1048576 MINEXTENTS 1 MAXEXTENTS 2147483645
  PCTINCREASE 0 FREELISTS 1 FREELIST GROUPS 1
  BUFFER_POOL DEFAULT FLASH_CACHE DEFAULT CELL_FLASH_CACHE DEFAULT)
  TABLESPACE "USERS"  ENABLE;
--------------------------------------------------------
--  Constraints for Table OPINION
--------------------------------------------------------

  ALTER TABLE "PELICULASDB"."OPINION" MODIFY ("IDOPINION" NOT NULL ENABLE);
  ALTER TABLE "PELICULASDB"."OPINION" ADD CONSTRAINT "OPINION_PK" PRIMARY KEY ("IDOPINION")
  USING INDEX PCTFREE 10 INITRANS 2 MAXTRANS 255 COMPUTE STATISTICS 
  STORAGE(INITIAL 65536 NEXT 1048576 MINEXTENTS 1 MAXEXTENTS 2147483645
  PCTINCREASE 0 FREELISTS 1 FREELIST GROUPS 1
  BUFFER_POOL DEFAULT FLASH_CACHE DEFAULT CELL_FLASH_CACHE DEFAULT)
  TABLESPACE "USERS"  ENABLE;
--------------------------------------------------------
--  Ref Constraints for Table OPINION
--------------------------------------------------------

  ALTER TABLE "PELICULASDB"."OPINION" ADD CONSTRAINT "OPINION_FK1" FOREIGN KEY ("IDPELICULA")
	  REFERENCES "PELICULASDB"."PELICULA" ("IDPELICULA") ENABLE;
  ALTER TABLE "PELICULASDB"."OPINION" ADD CONSTRAINT "OPINION_FK2" FOREIGN KEY ("IDUSUARIO")
	  REFERENCES "PELICULASDB"."USUARIO" ("IDUSUARIO") ENABLE;
