--------------------------------------------------------
-- Archivo creado  - sábado-diciembre-19-2020   
--------------------------------------------------------
--------------------------------------------------------
--  DDL for Table ARTICULOS
--------------------------------------------------------

  CREATE TABLE "PRODUCTOSDB"."ARTICULOS" 
   (	"IDARTICULO" NUMBER, 
	"NOMBRE" VARCHAR2(20 BYTE), 
	"DESCRIPCION" VARCHAR2(100 BYTE), 
	"PRECIO" NUMBER
   ) SEGMENT CREATION IMMEDIATE 
  PCTFREE 10 PCTUSED 40 INITRANS 1 MAXTRANS 255 NOCOMPRESS LOGGING
  STORAGE(INITIAL 65536 NEXT 1048576 MINEXTENTS 1 MAXEXTENTS 2147483645
  PCTINCREASE 0 FREELISTS 1 FREELIST GROUPS 1 BUFFER_POOL DEFAULT FLASH_CACHE DEFAULT CELL_FLASH_CACHE DEFAULT)
  TABLESPACE "SYSAUX" ;
--------------------------------------------------------
--  DDL for Table ARTICULOS_AUDITORIA
--------------------------------------------------------

  CREATE TABLE "PRODUCTOSDB"."ARTICULOS_AUDITORIA" 
   (	"IDARTICULOAUD" NUMBER, 
	"IDARTICULO" NUMBER, 
	"PRECIOANTERIOR" NUMBER, 
	"PRECIONUEVO" NUMBER, 
	"FECHA" DATE, 
	"USUARIO" VARCHAR2(20 BYTE)
   ) SEGMENT CREATION IMMEDIATE 
  PCTFREE 10 PCTUSED 40 INITRANS 1 MAXTRANS 255 NOCOMPRESS LOGGING
  STORAGE(INITIAL 65536 NEXT 1048576 MINEXTENTS 1 MAXEXTENTS 2147483645
  PCTINCREASE 0 FREELISTS 1 FREELIST GROUPS 1 BUFFER_POOL DEFAULT FLASH_CACHE DEFAULT CELL_FLASH_CACHE DEFAULT)
  TABLESPACE "SYSAUX" ;
--------------------------------------------------------
--  DDL for Table ARTICULOS_C
--------------------------------------------------------

  CREATE TABLE "PRODUCTOSDB"."ARTICULOS_C" 
   (	"IDARTICULO" NUMBER, 
	"NOMBRE" VARCHAR2(20 BYTE), 
	"DESCRIPCION" VARCHAR2(100 BYTE), 
	"PRECIO" NUMBER
   ) SEGMENT CREATION IMMEDIATE 
  PCTFREE 10 PCTUSED 40 INITRANS 1 MAXTRANS 255 NOCOMPRESS LOGGING
  STORAGE(INITIAL 65536 NEXT 1048576 MINEXTENTS 1 MAXEXTENTS 2147483645
  PCTINCREASE 0 FREELISTS 1 FREELIST GROUPS 1 BUFFER_POOL DEFAULT FLASH_CACHE DEFAULT CELL_FLASH_CACHE DEFAULT)
  TABLESPACE "SYSAUX" ;
--------------------------------------------------------
--  DDL for Table ARTICULOS_FABRICANTES
--------------------------------------------------------

  CREATE TABLE "PRODUCTOSDB"."ARTICULOS_FABRICANTES" 
   (	"IDARTICULOSFABRICANTES" NUMBER, 
	"IDARTICULO" NUMBER, 
	"IDFABRICANTE" NUMBER, 
	"PRECIO" NUMBER
   ) SEGMENT CREATION IMMEDIATE 
  PCTFREE 10 PCTUSED 40 INITRANS 1 MAXTRANS 255 NOCOMPRESS LOGGING
  STORAGE(INITIAL 65536 NEXT 1048576 MINEXTENTS 1 MAXEXTENTS 2147483645
  PCTINCREASE 0 FREELISTS 1 FREELIST GROUPS 1 BUFFER_POOL DEFAULT FLASH_CACHE DEFAULT CELL_FLASH_CACHE DEFAULT)
  TABLESPACE "SYSAUX" ;
--------------------------------------------------------
--  DDL for Table ARTICULOS_SUCURSALES
--------------------------------------------------------

  CREATE TABLE "PRODUCTOSDB"."ARTICULOS_SUCURSALES" 
   (	"IDARTICULOSSUCURSALES" NUMBER, 
	"IDARTICULO" NUMBER, 
	"IDSUCURSAL" NUMBER, 
	"STOCK" NUMBER
   ) SEGMENT CREATION IMMEDIATE 
  PCTFREE 10 PCTUSED 40 INITRANS 1 MAXTRANS 255 NOCOMPRESS LOGGING
  STORAGE(INITIAL 65536 NEXT 1048576 MINEXTENTS 1 MAXEXTENTS 2147483645
  PCTINCREASE 0 FREELISTS 1 FREELIST GROUPS 1 BUFFER_POOL DEFAULT FLASH_CACHE DEFAULT CELL_FLASH_CACHE DEFAULT)
  TABLESPACE "SYSAUX" ;
--------------------------------------------------------
--  DDL for Table CANALES_VENTA
--------------------------------------------------------

  CREATE TABLE "PRODUCTOSDB"."CANALES_VENTA" 
   (	"IDCANALVENTA" NUMBER, 
	"NOMBRE" VARCHAR2(20 BYTE), 
	"COSTOENTREGA" NUMBER
   ) SEGMENT CREATION IMMEDIATE 
  PCTFREE 10 PCTUSED 40 INITRANS 1 MAXTRANS 255 NOCOMPRESS LOGGING
  STORAGE(INITIAL 65536 NEXT 1048576 MINEXTENTS 1 MAXEXTENTS 2147483645
  PCTINCREASE 0 FREELISTS 1 FREELIST GROUPS 1 BUFFER_POOL DEFAULT FLASH_CACHE DEFAULT CELL_FLASH_CACHE DEFAULT)
  TABLESPACE "SYSAUX" ;
--------------------------------------------------------
--  DDL for Table CLIENTES
--------------------------------------------------------

  CREATE TABLE "PRODUCTOSDB"."CLIENTES" 
   (	"IDCLIENTE" NUMBER, 
	"NOMBRE" VARCHAR2(20 BYTE), 
	"APELLIDO" VARCHAR2(20 BYTE), 
	"LIMITECREDITO" NUMBER, 
	"DOCUMENTO" VARCHAR2(20 BYTE)
   ) SEGMENT CREATION IMMEDIATE 
  PCTFREE 10 PCTUSED 40 INITRANS 1 MAXTRANS 255 NOCOMPRESS LOGGING
  STORAGE(INITIAL 65536 NEXT 1048576 MINEXTENTS 1 MAXEXTENTS 2147483645
  PCTINCREASE 0 FREELISTS 1 FREELIST GROUPS 1 BUFFER_POOL DEFAULT FLASH_CACHE DEFAULT CELL_FLASH_CACHE DEFAULT)
  TABLESPACE "SYSAUX" ;
--------------------------------------------------------
--  DDL for Table DIRECCIONES
--------------------------------------------------------

  CREATE TABLE "PRODUCTOSDB"."DIRECCIONES" 
   (	"IDDIRECCION" NUMBER, 
	"CALLE" VARCHAR2(100 BYTE), 
	"NUMERO" NUMBER, 
	"PISO" NUMBER, 
	"DEPARTAMENTO" VARCHAR2(100 BYTE), 
	"IDCLIENTE" NUMBER
   ) SEGMENT CREATION IMMEDIATE 
  PCTFREE 10 PCTUSED 40 INITRANS 1 MAXTRANS 255 NOCOMPRESS LOGGING
  STORAGE(INITIAL 65536 NEXT 1048576 MINEXTENTS 1 MAXEXTENTS 2147483645
  PCTINCREASE 0 FREELISTS 1 FREELIST GROUPS 1 BUFFER_POOL DEFAULT FLASH_CACHE DEFAULT CELL_FLASH_CACHE DEFAULT)
  TABLESPACE "SYSAUX" ;
--------------------------------------------------------
--  DDL for Table EMAILS
--------------------------------------------------------

  CREATE TABLE "PRODUCTOSDB"."EMAILS" 
   (	"IDEMAIL" NUMBER, 
	"DIRECCION" VARCHAR2(50 BYTE), 
	"TIPO" VARCHAR2(20 BYTE), 
	"DESCRIPCION" VARCHAR2(20 BYTE), 
	"IDCLIENTE" NUMBER
   ) SEGMENT CREATION IMMEDIATE 
  PCTFREE 10 PCTUSED 40 INITRANS 1 MAXTRANS 255 NOCOMPRESS LOGGING
  STORAGE(INITIAL 65536 NEXT 1048576 MINEXTENTS 1 MAXEXTENTS 2147483645
  PCTINCREASE 0 FREELISTS 1 FREELIST GROUPS 1 BUFFER_POOL DEFAULT FLASH_CACHE DEFAULT CELL_FLASH_CACHE DEFAULT)
  TABLESPACE "SYSAUX" ;
--------------------------------------------------------
--  DDL for Table FABRICANTES
--------------------------------------------------------

  CREATE TABLE "PRODUCTOSDB"."FABRICANTES" 
   (	"IDFABRICANTE" NUMBER, 
	"NOMBRE" VARCHAR2(50 BYTE)
   ) SEGMENT CREATION IMMEDIATE 
  PCTFREE 10 PCTUSED 40 INITRANS 1 MAXTRANS 255 NOCOMPRESS LOGGING
  STORAGE(INITIAL 65536 NEXT 1048576 MINEXTENTS 1 MAXEXTENTS 2147483645
  PCTINCREASE 0 FREELISTS 1 FREELIST GROUPS 1 BUFFER_POOL DEFAULT FLASH_CACHE DEFAULT CELL_FLASH_CACHE DEFAULT)
  TABLESPACE "SYSAUX" ;
--------------------------------------------------------
--  DDL for Table LOG_AUDITORIA
--------------------------------------------------------

  CREATE TABLE "PRODUCTOSDB"."LOG_AUDITORIA" 
   (	"USUARIO" VARCHAR2(50 BYTE), 
	"MENSAJE" VARCHAR2(255 BYTE), 
	"FECHA" DATE
   ) SEGMENT CREATION IMMEDIATE 
  PCTFREE 10 PCTUSED 40 INITRANS 1 MAXTRANS 255 NOCOMPRESS LOGGING
  STORAGE(INITIAL 65536 NEXT 1048576 MINEXTENTS 1 MAXEXTENTS 2147483645
  PCTINCREASE 0 FREELISTS 1 FREELIST GROUPS 1 BUFFER_POOL DEFAULT FLASH_CACHE DEFAULT CELL_FLASH_CACHE DEFAULT)
  TABLESPACE "SYSAUX" ;
--------------------------------------------------------
--  DDL for Table PEDIDO_FABRICA
--------------------------------------------------------

  CREATE TABLE "PRODUCTOSDB"."PEDIDO_FABRICA" 
   (	"IDPEDIDOFABRICA" NUMBER, 
	"IDSUCURSAL" NUMBER, 
	"IDARTICULO" NUMBER, 
	"IDFABRICANTE" NUMBER, 
	"FECHAPEDIDO" DATE, 
	"FECHARECIBIDO" DATE, 
	"CANTIDAD" NUMBER
   ) SEGMENT CREATION IMMEDIATE 
  PCTFREE 10 PCTUSED 40 INITRANS 1 MAXTRANS 255 NOCOMPRESS LOGGING
  STORAGE(INITIAL 65536 NEXT 1048576 MINEXTENTS 1 MAXEXTENTS 2147483645
  PCTINCREASE 0 FREELISTS 1 FREELIST GROUPS 1 BUFFER_POOL DEFAULT FLASH_CACHE DEFAULT CELL_FLASH_CACHE DEFAULT)
  TABLESPACE "SYSAUX" ;
--------------------------------------------------------
--  DDL for Table PEDIDOS
--------------------------------------------------------

  CREATE TABLE "PRODUCTOSDB"."PEDIDOS" 
   (	"IDPEDIDO" NUMBER, 
	"IDCLIENTE" NUMBER, 
	"IDDIRECCION" NUMBER, 
	"FECHAALTA" DATE, 
	"IDCANALVENTA" NUMBER, 
	"IDSUCURSAL" NUMBER, 
	"FECHAENTREGADO" DATE
   ) SEGMENT CREATION IMMEDIATE 
  PCTFREE 10 PCTUSED 40 INITRANS 1 MAXTRANS 255 NOCOMPRESS LOGGING
  STORAGE(INITIAL 65536 NEXT 1048576 MINEXTENTS 1 MAXEXTENTS 2147483645
  PCTINCREASE 0 FREELISTS 1 FREELIST GROUPS 1 BUFFER_POOL DEFAULT FLASH_CACHE DEFAULT CELL_FLASH_CACHE DEFAULT)
  TABLESPACE "SYSAUX" ;
--------------------------------------------------------
--  DDL for Table PEDIDOS_ARTICULOS
--------------------------------------------------------

  CREATE TABLE "PRODUCTOSDB"."PEDIDOS_ARTICULOS" 
   (	"IDPEDIDOSARTICULOS" NUMBER, 
	"IDPEDIDO" NUMBER, 
	"IDARTICULO" NUMBER, 
	"CANTIDAD" NUMBER
   ) SEGMENT CREATION IMMEDIATE 
  PCTFREE 10 PCTUSED 40 INITRANS 1 MAXTRANS 255 NOCOMPRESS LOGGING
  STORAGE(INITIAL 65536 NEXT 1048576 MINEXTENTS 1 MAXEXTENTS 2147483645
  PCTINCREASE 0 FREELISTS 1 FREELIST GROUPS 1 BUFFER_POOL DEFAULT FLASH_CACHE DEFAULT CELL_FLASH_CACHE DEFAULT)
  TABLESPACE "SYSAUX" ;
--------------------------------------------------------
--  DDL for Table SUCURSALES
--------------------------------------------------------

  CREATE TABLE "PRODUCTOSDB"."SUCURSALES" 
   (	"IDSUCURSAL" NUMBER, 
	"NOMBRE" VARCHAR2(100 BYTE), 
	"DESCRIPCION" VARCHAR2(100 BYTE)
   ) SEGMENT CREATION IMMEDIATE 
  PCTFREE 10 PCTUSED 40 INITRANS 1 MAXTRANS 255 NOCOMPRESS LOGGING
  STORAGE(INITIAL 65536 NEXT 1048576 MINEXTENTS 1 MAXEXTENTS 2147483645
  PCTINCREASE 0 FREELISTS 1 FREELIST GROUPS 1 BUFFER_POOL DEFAULT FLASH_CACHE DEFAULT CELL_FLASH_CACHE DEFAULT)
  TABLESPACE "SYSAUX" ;
--------------------------------------------------------
--  DDL for Table TELEFONOS
--------------------------------------------------------

  CREATE TABLE "PRODUCTOSDB"."TELEFONOS" 
   (	"IDTELEFONO" NUMBER, 
	"TIPO" VARCHAR2(20 BYTE), 
	"NUMERO" VARCHAR2(20 BYTE), 
	"DESCRIPCION" VARCHAR2(20 BYTE), 
	"IDCLIENTE" NUMBER
   ) SEGMENT CREATION IMMEDIATE 
  PCTFREE 10 PCTUSED 40 INITRANS 1 MAXTRANS 255 NOCOMPRESS LOGGING
  STORAGE(INITIAL 65536 NEXT 1048576 MINEXTENTS 1 MAXEXTENTS 2147483645
  PCTINCREASE 0 FREELISTS 1 FREELIST GROUPS 1 BUFFER_POOL DEFAULT FLASH_CACHE DEFAULT CELL_FLASH_CACHE DEFAULT)
  TABLESPACE "SYSAUX" ;
REM INSERTING into PRODUCTOSDB.ARTICULOS
SET DEFINE OFF;
Insert into PRODUCTOSDB.ARTICULOS (IDARTICULO,NOMBRE,DESCRIPCION,PRECIO) values ('1','Lavarropas','Lavarropas automatico','400');
Insert into PRODUCTOSDB.ARTICULOS (IDARTICULO,NOMBRE,DESCRIPCION,PRECIO) values ('3','Laptop Gamer','Ideal para los gamers','1000');
Insert into PRODUCTOSDB.ARTICULOS (IDARTICULO,NOMBRE,DESCRIPCION,PRECIO) values ('4','Plancha','Plancha con vapor','50');
Insert into PRODUCTOSDB.ARTICULOS (IDARTICULO,NOMBRE,DESCRIPCION,PRECIO) values ('5','Telefono movil','SO Android','300');
Insert into PRODUCTOSDB.ARTICULOS (IDARTICULO,NOMBRE,DESCRIPCION,PRECIO) values ('6','Reproductor Bluray','Reproduce todo tipo de formatos','100');
Insert into PRODUCTOSDB.ARTICULOS (IDARTICULO,NOMBRE,DESCRIPCION,PRECIO) values ('7','Reloj despertador','No incluye baterias','10');
Insert into PRODUCTOSDB.ARTICULOS (IDARTICULO,NOMBRE,DESCRIPCION,PRECIO) values ('8','TV 32''','Television Smart','350');
Insert into PRODUCTOSDB.ARTICULOS (IDARTICULO,NOMBRE,DESCRIPCION,PRECIO) values ('9','Refrigerador','Refrigerador con freezer','400');
Insert into PRODUCTOSDB.ARTICULOS (IDARTICULO,NOMBRE,DESCRIPCION,PRECIO) values ('10','Laptop Oficina','Ideal para ofimatica','350');
Insert into PRODUCTOSDB.ARTICULOS (IDARTICULO,NOMBRE,DESCRIPCION,PRECIO) values ('2','TV 55''','Television con 4K ','500');
REM INSERTING into PRODUCTOSDB.ARTICULOS_AUDITORIA
SET DEFINE OFF;
Insert into PRODUCTOSDB.ARTICULOS_AUDITORIA (IDARTICULOAUD,IDARTICULO,PRECIOANTERIOR,PRECIONUEVO,FECHA,USUARIO) values ('1','1','585,64','292,82',to_date('28/07/2019','DD/MM/RRRR'),'PRODUCTOSDB');
Insert into PRODUCTOSDB.ARTICULOS_AUDITORIA (IDARTICULOAUD,IDARTICULO,PRECIOANTERIOR,PRECIONUEVO,FECHA,USUARIO) values ('2','3','1464,1','732,05',to_date('28/07/2019','DD/MM/RRRR'),'PRODUCTOSDB');
Insert into PRODUCTOSDB.ARTICULOS_AUDITORIA (IDARTICULOAUD,IDARTICULO,PRECIOANTERIOR,PRECIONUEVO,FECHA,USUARIO) values ('3','4','73,205','36,6025',to_date('28/07/2019','DD/MM/RRRR'),'PRODUCTOSDB');
Insert into PRODUCTOSDB.ARTICULOS_AUDITORIA (IDARTICULOAUD,IDARTICULO,PRECIOANTERIOR,PRECIONUEVO,FECHA,USUARIO) values ('4','5','439,23','219,615',to_date('28/07/2019','DD/MM/RRRR'),'PRODUCTOSDB');
Insert into PRODUCTOSDB.ARTICULOS_AUDITORIA (IDARTICULOAUD,IDARTICULO,PRECIOANTERIOR,PRECIONUEVO,FECHA,USUARIO) values ('5','6','146,41','73,205',to_date('28/07/2019','DD/MM/RRRR'),'PRODUCTOSDB');
Insert into PRODUCTOSDB.ARTICULOS_AUDITORIA (IDARTICULOAUD,IDARTICULO,PRECIOANTERIOR,PRECIONUEVO,FECHA,USUARIO) values ('6','7','14,641','7,3205',to_date('28/07/2019','DD/MM/RRRR'),'PRODUCTOSDB');
Insert into PRODUCTOSDB.ARTICULOS_AUDITORIA (IDARTICULOAUD,IDARTICULO,PRECIOANTERIOR,PRECIONUEVO,FECHA,USUARIO) values ('7','8','512,435','256,2175',to_date('28/07/2019','DD/MM/RRRR'),'PRODUCTOSDB');
Insert into PRODUCTOSDB.ARTICULOS_AUDITORIA (IDARTICULOAUD,IDARTICULO,PRECIOANTERIOR,PRECIONUEVO,FECHA,USUARIO) values ('8','9','585,64','292,82',to_date('28/07/2019','DD/MM/RRRR'),'PRODUCTOSDB');
Insert into PRODUCTOSDB.ARTICULOS_AUDITORIA (IDARTICULOAUD,IDARTICULO,PRECIOANTERIOR,PRECIONUEVO,FECHA,USUARIO) values ('9','10','512,435','256,2175',to_date('28/07/2019','DD/MM/RRRR'),'PRODUCTOSDB');
Insert into PRODUCTOSDB.ARTICULOS_AUDITORIA (IDARTICULOAUD,IDARTICULO,PRECIOANTERIOR,PRECIONUEVO,FECHA,USUARIO) values ('10','2','732,05','366,025',to_date('28/07/2019','DD/MM/RRRR'),'PRODUCTOSDB');
Insert into PRODUCTOSDB.ARTICULOS_AUDITORIA (IDARTICULOAUD,IDARTICULO,PRECIOANTERIOR,PRECIONUEVO,FECHA,USUARIO) values ('1','1','585,64','292,82',to_date('28/07/2019','DD/MM/RRRR'),'PRODUCTOSDB');
Insert into PRODUCTOSDB.ARTICULOS_AUDITORIA (IDARTICULOAUD,IDARTICULO,PRECIOANTERIOR,PRECIONUEVO,FECHA,USUARIO) values ('2','3','1464,1','732,05',to_date('28/07/2019','DD/MM/RRRR'),'PRODUCTOSDB');
Insert into PRODUCTOSDB.ARTICULOS_AUDITORIA (IDARTICULOAUD,IDARTICULO,PRECIOANTERIOR,PRECIONUEVO,FECHA,USUARIO) values ('3','4','73,205','36,6025',to_date('28/07/2019','DD/MM/RRRR'),'PRODUCTOSDB');
Insert into PRODUCTOSDB.ARTICULOS_AUDITORIA (IDARTICULOAUD,IDARTICULO,PRECIOANTERIOR,PRECIONUEVO,FECHA,USUARIO) values ('4','5','439,23','219,615',to_date('28/07/2019','DD/MM/RRRR'),'PRODUCTOSDB');
Insert into PRODUCTOSDB.ARTICULOS_AUDITORIA (IDARTICULOAUD,IDARTICULO,PRECIOANTERIOR,PRECIONUEVO,FECHA,USUARIO) values ('5','6','146,41','73,205',to_date('28/07/2019','DD/MM/RRRR'),'PRODUCTOSDB');
Insert into PRODUCTOSDB.ARTICULOS_AUDITORIA (IDARTICULOAUD,IDARTICULO,PRECIOANTERIOR,PRECIONUEVO,FECHA,USUARIO) values ('6','7','14,641','7,3205',to_date('28/07/2019','DD/MM/RRRR'),'PRODUCTOSDB');
Insert into PRODUCTOSDB.ARTICULOS_AUDITORIA (IDARTICULOAUD,IDARTICULO,PRECIOANTERIOR,PRECIONUEVO,FECHA,USUARIO) values ('7','8','512,435','256,2175',to_date('28/07/2019','DD/MM/RRRR'),'PRODUCTOSDB');
Insert into PRODUCTOSDB.ARTICULOS_AUDITORIA (IDARTICULOAUD,IDARTICULO,PRECIOANTERIOR,PRECIONUEVO,FECHA,USUARIO) values ('8','9','585,64','292,82',to_date('28/07/2019','DD/MM/RRRR'),'PRODUCTOSDB');
Insert into PRODUCTOSDB.ARTICULOS_AUDITORIA (IDARTICULOAUD,IDARTICULO,PRECIOANTERIOR,PRECIONUEVO,FECHA,USUARIO) values ('9','10','512,435','256,2175',to_date('28/07/2019','DD/MM/RRRR'),'PRODUCTOSDB');
Insert into PRODUCTOSDB.ARTICULOS_AUDITORIA (IDARTICULOAUD,IDARTICULO,PRECIOANTERIOR,PRECIONUEVO,FECHA,USUARIO) values ('10','2','732,05','366,025',to_date('28/07/2019','DD/MM/RRRR'),'PRODUCTOSDB');
REM INSERTING into PRODUCTOSDB.ARTICULOS_C
SET DEFINE OFF;
Insert into PRODUCTOSDB.ARTICULOS_C (IDARTICULO,NOMBRE,DESCRIPCION,PRECIO) values ('1','Lavarropas','Lavarropas automatico - mod','292,82');
Insert into PRODUCTOSDB.ARTICULOS_C (IDARTICULO,NOMBRE,DESCRIPCION,PRECIO) values ('3','Laptop Gamer','Ideal para los gamers - mod','732,05');
Insert into PRODUCTOSDB.ARTICULOS_C (IDARTICULO,NOMBRE,DESCRIPCION,PRECIO) values ('4','Plancha','Plancha con vapor - mod','36,6025');
Insert into PRODUCTOSDB.ARTICULOS_C (IDARTICULO,NOMBRE,DESCRIPCION,PRECIO) values ('5','Telefono movil','SO Android - mod','219,615');
Insert into PRODUCTOSDB.ARTICULOS_C (IDARTICULO,NOMBRE,DESCRIPCION,PRECIO) values ('6','Reproductor Bluray','Reproduce todo tipo de formatos - mod','73,205');
Insert into PRODUCTOSDB.ARTICULOS_C (IDARTICULO,NOMBRE,DESCRIPCION,PRECIO) values ('7','Reloj despertador','No incluye baterias - mod','7,3205');
Insert into PRODUCTOSDB.ARTICULOS_C (IDARTICULO,NOMBRE,DESCRIPCION,PRECIO) values ('8','TV 32''','Television Smart - mod','256,2175');
Insert into PRODUCTOSDB.ARTICULOS_C (IDARTICULO,NOMBRE,DESCRIPCION,PRECIO) values ('9','Refrigerador','Refrigerador con freezer - mod','292,82');
Insert into PRODUCTOSDB.ARTICULOS_C (IDARTICULO,NOMBRE,DESCRIPCION,PRECIO) values ('10','Laptop Oficina','Ideal para ofimatica - mod','256,2175');
Insert into PRODUCTOSDB.ARTICULOS_C (IDARTICULO,NOMBRE,DESCRIPCION,PRECIO) values ('2','TV 55''','Television con 4K  - mod','366,025');
Insert into PRODUCTOSDB.ARTICULOS_C (IDARTICULO,NOMBRE,DESCRIPCION,PRECIO) values ('1','Lavarropas','Lavarropas automatico - mod','292,82');
Insert into PRODUCTOSDB.ARTICULOS_C (IDARTICULO,NOMBRE,DESCRIPCION,PRECIO) values ('3','Laptop Gamer','Ideal para los gamers - mod','732,05');
Insert into PRODUCTOSDB.ARTICULOS_C (IDARTICULO,NOMBRE,DESCRIPCION,PRECIO) values ('4','Plancha','Plancha con vapor - mod','36,6025');
Insert into PRODUCTOSDB.ARTICULOS_C (IDARTICULO,NOMBRE,DESCRIPCION,PRECIO) values ('5','Telefono movil','SO Android - mod','219,615');
Insert into PRODUCTOSDB.ARTICULOS_C (IDARTICULO,NOMBRE,DESCRIPCION,PRECIO) values ('6','Reproductor Bluray','Reproduce todo tipo de formatos - mod','73,205');
Insert into PRODUCTOSDB.ARTICULOS_C (IDARTICULO,NOMBRE,DESCRIPCION,PRECIO) values ('7','Reloj despertador','No incluye baterias - mod','7,3205');
Insert into PRODUCTOSDB.ARTICULOS_C (IDARTICULO,NOMBRE,DESCRIPCION,PRECIO) values ('8','TV 32''','Television Smart - mod','256,2175');
Insert into PRODUCTOSDB.ARTICULOS_C (IDARTICULO,NOMBRE,DESCRIPCION,PRECIO) values ('9','Refrigerador','Refrigerador con freezer - mod','292,82');
Insert into PRODUCTOSDB.ARTICULOS_C (IDARTICULO,NOMBRE,DESCRIPCION,PRECIO) values ('10','Laptop Oficina','Ideal para ofimatica - mod','256,2175');
Insert into PRODUCTOSDB.ARTICULOS_C (IDARTICULO,NOMBRE,DESCRIPCION,PRECIO) values ('2','TV 55''','Television con 4K  - mod','366,025');
REM INSERTING into PRODUCTOSDB.ARTICULOS_FABRICANTES
SET DEFINE OFF;
Insert into PRODUCTOSDB.ARTICULOS_FABRICANTES (IDARTICULOSFABRICANTES,IDARTICULO,IDFABRICANTE,PRECIO) values ('1','1','2','350');
Insert into PRODUCTOSDB.ARTICULOS_FABRICANTES (IDARTICULOSFABRICANTES,IDARTICULO,IDFABRICANTE,PRECIO) values ('2','3','3','950');
Insert into PRODUCTOSDB.ARTICULOS_FABRICANTES (IDARTICULOSFABRICANTES,IDARTICULO,IDFABRICANTE,PRECIO) values ('3','3','1','942');
Insert into PRODUCTOSDB.ARTICULOS_FABRICANTES (IDARTICULOSFABRICANTES,IDARTICULO,IDFABRICANTE,PRECIO) values ('4','4','2','0');
Insert into PRODUCTOSDB.ARTICULOS_FABRICANTES (IDARTICULOSFABRICANTES,IDARTICULO,IDFABRICANTE,PRECIO) values ('5','5','3','250');
Insert into PRODUCTOSDB.ARTICULOS_FABRICANTES (IDARTICULOSFABRICANTES,IDARTICULO,IDFABRICANTE,PRECIO) values ('6','6','1','39');
Insert into PRODUCTOSDB.ARTICULOS_FABRICANTES (IDARTICULOSFABRICANTES,IDARTICULO,IDFABRICANTE,PRECIO) values ('7','6','2','48');
Insert into PRODUCTOSDB.ARTICULOS_FABRICANTES (IDARTICULOSFABRICANTES,IDARTICULO,IDFABRICANTE,PRECIO) values ('8','6','3','50');
Insert into PRODUCTOSDB.ARTICULOS_FABRICANTES (IDARTICULOSFABRICANTES,IDARTICULO,IDFABRICANTE,PRECIO) values ('9','7','2','25');
Insert into PRODUCTOSDB.ARTICULOS_FABRICANTES (IDARTICULOSFABRICANTES,IDARTICULO,IDFABRICANTE,PRECIO) values ('10','8','1','300');
Insert into PRODUCTOSDB.ARTICULOS_FABRICANTES (IDARTICULOSFABRICANTES,IDARTICULO,IDFABRICANTE,PRECIO) values ('11','9','2','350');
Insert into PRODUCTOSDB.ARTICULOS_FABRICANTES (IDARTICULOSFABRICANTES,IDARTICULO,IDFABRICANTE,PRECIO) values ('12','10','1','288');
Insert into PRODUCTOSDB.ARTICULOS_FABRICANTES (IDARTICULOSFABRICANTES,IDARTICULO,IDFABRICANTE,PRECIO) values ('13','10','3','300');
Insert into PRODUCTOSDB.ARTICULOS_FABRICANTES (IDARTICULOSFABRICANTES,IDARTICULO,IDFABRICANTE,PRECIO) values ('14','2','1','454');
Insert into PRODUCTOSDB.ARTICULOS_FABRICANTES (IDARTICULOSFABRICANTES,IDARTICULO,IDFABRICANTE,PRECIO) values ('15','2','3','450');
REM INSERTING into PRODUCTOSDB.ARTICULOS_SUCURSALES
SET DEFINE OFF;
Insert into PRODUCTOSDB.ARTICULOS_SUCURSALES (IDARTICULOSSUCURSALES,IDARTICULO,IDSUCURSAL,STOCK) values ('1','1','1','8');
Insert into PRODUCTOSDB.ARTICULOS_SUCURSALES (IDARTICULOSSUCURSALES,IDARTICULO,IDSUCURSAL,STOCK) values ('2','3','1','12');
Insert into PRODUCTOSDB.ARTICULOS_SUCURSALES (IDARTICULOSSUCURSALES,IDARTICULO,IDSUCURSAL,STOCK) values ('3','4','1','10');
Insert into PRODUCTOSDB.ARTICULOS_SUCURSALES (IDARTICULOSSUCURSALES,IDARTICULO,IDSUCURSAL,STOCK) values ('4','5','1','13');
Insert into PRODUCTOSDB.ARTICULOS_SUCURSALES (IDARTICULOSSUCURSALES,IDARTICULO,IDSUCURSAL,STOCK) values ('5','6','1','4');
Insert into PRODUCTOSDB.ARTICULOS_SUCURSALES (IDARTICULOSSUCURSALES,IDARTICULO,IDSUCURSAL,STOCK) values ('6','7','1','2');
Insert into PRODUCTOSDB.ARTICULOS_SUCURSALES (IDARTICULOSSUCURSALES,IDARTICULO,IDSUCURSAL,STOCK) values ('7','8','1','13');
Insert into PRODUCTOSDB.ARTICULOS_SUCURSALES (IDARTICULOSSUCURSALES,IDARTICULO,IDSUCURSAL,STOCK) values ('8','9','1','0');
Insert into PRODUCTOSDB.ARTICULOS_SUCURSALES (IDARTICULOSSUCURSALES,IDARTICULO,IDSUCURSAL,STOCK) values ('9','10','1','10');
Insert into PRODUCTOSDB.ARTICULOS_SUCURSALES (IDARTICULOSSUCURSALES,IDARTICULO,IDSUCURSAL,STOCK) values ('10','2','1','2');
Insert into PRODUCTOSDB.ARTICULOS_SUCURSALES (IDARTICULOSSUCURSALES,IDARTICULO,IDSUCURSAL,STOCK) values ('11','1','2','2');
Insert into PRODUCTOSDB.ARTICULOS_SUCURSALES (IDARTICULOSSUCURSALES,IDARTICULO,IDSUCURSAL,STOCK) values ('12','3','2','14');
Insert into PRODUCTOSDB.ARTICULOS_SUCURSALES (IDARTICULOSSUCURSALES,IDARTICULO,IDSUCURSAL,STOCK) values ('13','4','2','0');
Insert into PRODUCTOSDB.ARTICULOS_SUCURSALES (IDARTICULOSSUCURSALES,IDARTICULO,IDSUCURSAL,STOCK) values ('14','5','2','15');
Insert into PRODUCTOSDB.ARTICULOS_SUCURSALES (IDARTICULOSSUCURSALES,IDARTICULO,IDSUCURSAL,STOCK) values ('15','6','2','7');
Insert into PRODUCTOSDB.ARTICULOS_SUCURSALES (IDARTICULOSSUCURSALES,IDARTICULO,IDSUCURSAL,STOCK) values ('16','7','2','9');
Insert into PRODUCTOSDB.ARTICULOS_SUCURSALES (IDARTICULOSSUCURSALES,IDARTICULO,IDSUCURSAL,STOCK) values ('17','8','2','7');
Insert into PRODUCTOSDB.ARTICULOS_SUCURSALES (IDARTICULOSSUCURSALES,IDARTICULO,IDSUCURSAL,STOCK) values ('18','9','2','3');
Insert into PRODUCTOSDB.ARTICULOS_SUCURSALES (IDARTICULOSSUCURSALES,IDARTICULO,IDSUCURSAL,STOCK) values ('19','10','2','1');
Insert into PRODUCTOSDB.ARTICULOS_SUCURSALES (IDARTICULOSSUCURSALES,IDARTICULO,IDSUCURSAL,STOCK) values ('20','2','2','12');
Insert into PRODUCTOSDB.ARTICULOS_SUCURSALES (IDARTICULOSSUCURSALES,IDARTICULO,IDSUCURSAL,STOCK) values ('21','1','3','11');
Insert into PRODUCTOSDB.ARTICULOS_SUCURSALES (IDARTICULOSSUCURSALES,IDARTICULO,IDSUCURSAL,STOCK) values ('22','3','3','12');
Insert into PRODUCTOSDB.ARTICULOS_SUCURSALES (IDARTICULOSSUCURSALES,IDARTICULO,IDSUCURSAL,STOCK) values ('23','4','3','7');
Insert into PRODUCTOSDB.ARTICULOS_SUCURSALES (IDARTICULOSSUCURSALES,IDARTICULO,IDSUCURSAL,STOCK) values ('24','5','3','10');
Insert into PRODUCTOSDB.ARTICULOS_SUCURSALES (IDARTICULOSSUCURSALES,IDARTICULO,IDSUCURSAL,STOCK) values ('25','6','3','5');
Insert into PRODUCTOSDB.ARTICULOS_SUCURSALES (IDARTICULOSSUCURSALES,IDARTICULO,IDSUCURSAL,STOCK) values ('26','7','3','4');
Insert into PRODUCTOSDB.ARTICULOS_SUCURSALES (IDARTICULOSSUCURSALES,IDARTICULO,IDSUCURSAL,STOCK) values ('27','8','3','2');
Insert into PRODUCTOSDB.ARTICULOS_SUCURSALES (IDARTICULOSSUCURSALES,IDARTICULO,IDSUCURSAL,STOCK) values ('28','9','3','12');
Insert into PRODUCTOSDB.ARTICULOS_SUCURSALES (IDARTICULOSSUCURSALES,IDARTICULO,IDSUCURSAL,STOCK) values ('29','10','3','10');
Insert into PRODUCTOSDB.ARTICULOS_SUCURSALES (IDARTICULOSSUCURSALES,IDARTICULO,IDSUCURSAL,STOCK) values ('30','2','3','1');
Insert into PRODUCTOSDB.ARTICULOS_SUCURSALES (IDARTICULOSSUCURSALES,IDARTICULO,IDSUCURSAL,STOCK) values ('31','1','4','4');
Insert into PRODUCTOSDB.ARTICULOS_SUCURSALES (IDARTICULOSSUCURSALES,IDARTICULO,IDSUCURSAL,STOCK) values ('32','3','4','9');
Insert into PRODUCTOSDB.ARTICULOS_SUCURSALES (IDARTICULOSSUCURSALES,IDARTICULO,IDSUCURSAL,STOCK) values ('33','4','4','2');
Insert into PRODUCTOSDB.ARTICULOS_SUCURSALES (IDARTICULOSSUCURSALES,IDARTICULO,IDSUCURSAL,STOCK) values ('34','5','4','4');
Insert into PRODUCTOSDB.ARTICULOS_SUCURSALES (IDARTICULOSSUCURSALES,IDARTICULO,IDSUCURSAL,STOCK) values ('35','6','4','4');
Insert into PRODUCTOSDB.ARTICULOS_SUCURSALES (IDARTICULOSSUCURSALES,IDARTICULO,IDSUCURSAL,STOCK) values ('36','7','4','10');
Insert into PRODUCTOSDB.ARTICULOS_SUCURSALES (IDARTICULOSSUCURSALES,IDARTICULO,IDSUCURSAL,STOCK) values ('37','8','4','13');
Insert into PRODUCTOSDB.ARTICULOS_SUCURSALES (IDARTICULOSSUCURSALES,IDARTICULO,IDSUCURSAL,STOCK) values ('38','9','4','14');
Insert into PRODUCTOSDB.ARTICULOS_SUCURSALES (IDARTICULOSSUCURSALES,IDARTICULO,IDSUCURSAL,STOCK) values ('39','10','4','6');
Insert into PRODUCTOSDB.ARTICULOS_SUCURSALES (IDARTICULOSSUCURSALES,IDARTICULO,IDSUCURSAL,STOCK) values ('40','2','4','11');
REM INSERTING into PRODUCTOSDB.CANALES_VENTA
SET DEFINE OFF;
Insert into PRODUCTOSDB.CANALES_VENTA (IDCANALVENTA,NOMBRE,COSTOENTREGA) values ('1','Web Site','10');
Insert into PRODUCTOSDB.CANALES_VENTA (IDCANALVENTA,NOMBRE,COSTOENTREGA) values ('2','Venta Telefonica','15');
Insert into PRODUCTOSDB.CANALES_VENTA (IDCANALVENTA,NOMBRE,COSTOENTREGA) values ('3','Venta en sucursal','5');
REM INSERTING into PRODUCTOSDB.CLIENTES
SET DEFINE OFF;
Insert into PRODUCTOSDB.CLIENTES (IDCLIENTE,NOMBRE,APELLIDO,LIMITECREDITO,DOCUMENTO) values ('1','Juan','Perez','4000','99999991');
Insert into PRODUCTOSDB.CLIENTES (IDCLIENTE,NOMBRE,APELLIDO,LIMITECREDITO,DOCUMENTO) values ('2','Carlos','Fernandez','2000','88999111');
Insert into PRODUCTOSDB.CLIENTES (IDCLIENTE,NOMBRE,APELLIDO,LIMITECREDITO,DOCUMENTO) values ('3','Mariana','Garcia','6000','99777561');
Insert into PRODUCTOSDB.CLIENTES (IDCLIENTE,NOMBRE,APELLIDO,LIMITECREDITO,DOCUMENTO) values ('4','Florencia','Lopez','5500','88456111');
Insert into PRODUCTOSDB.CLIENTES (IDCLIENTE,NOMBRE,APELLIDO,LIMITECREDITO,DOCUMENTO) values ('5','Roberto','Gonzalez','7000','99955544');
REM INSERTING into PRODUCTOSDB.DIRECCIONES
SET DEFINE OFF;
Insert into PRODUCTOSDB.DIRECCIONES (IDDIRECCION,CALLE,NUMERO,PISO,DEPARTAMENTO,IDCLIENTE) values ('1','Falsa','123','1','A','1');
Insert into PRODUCTOSDB.DIRECCIONES (IDDIRECCION,CALLE,NUMERO,PISO,DEPARTAMENTO,IDCLIENTE) values ('2','Falsa','456',null,null,'2');
Insert into PRODUCTOSDB.DIRECCIONES (IDDIRECCION,CALLE,NUMERO,PISO,DEPARTAMENTO,IDCLIENTE) values ('3','Inventada','777','5','Nro 4','3');
Insert into PRODUCTOSDB.DIRECCIONES (IDDIRECCION,CALLE,NUMERO,PISO,DEPARTAMENTO,IDCLIENTE) values ('4','Fake','888',null,null,'4');
Insert into PRODUCTOSDB.DIRECCIONES (IDDIRECCION,CALLE,NUMERO,PISO,DEPARTAMENTO,IDCLIENTE) values ('5','Inventada','881','4','B','5');
REM INSERTING into PRODUCTOSDB.EMAILS
SET DEFINE OFF;
Insert into PRODUCTOSDB.EMAILS (IDEMAIL,DIRECCION,TIPO,DESCRIPCION,IDCLIENTE) values ('1','juanperez@test.com','Personal',null,'1');
Insert into PRODUCTOSDB.EMAILS (IDEMAIL,DIRECCION,TIPO,DESCRIPCION,IDCLIENTE) values ('2','robertogonzales@test.com','Personal',null,'5');
Insert into PRODUCTOSDB.EMAILS (IDEMAIL,DIRECCION,TIPO,DESCRIPCION,IDCLIENTE) values ('3','roberto.gonzalez@laboral.com','Laboral',null,'5');
Insert into PRODUCTOSDB.EMAILS (IDEMAIL,DIRECCION,TIPO,DESCRIPCION,IDCLIENTE) values ('4','mariana.garcia@test.com','Personal',null,'3');
Insert into PRODUCTOSDB.EMAILS (IDEMAIL,DIRECCION,TIPO,DESCRIPCION,IDCLIENTE) values ('5','lopezflorencia@test.com','Personal',null,'4');
Insert into PRODUCTOSDB.EMAILS (IDEMAIL,DIRECCION,TIPO,DESCRIPCION,IDCLIENTE) values ('6','marigarcia@maillaboral.com','Laboral',null,'3');
Insert into PRODUCTOSDB.EMAILS (IDEMAIL,DIRECCION,TIPO,DESCRIPCION,IDCLIENTE) values ('7','charliefernandez@test.com','Personal',null,'2');
REM INSERTING into PRODUCTOSDB.FABRICANTES
SET DEFINE OFF;
Insert into PRODUCTOSDB.FABRICANTES (IDFABRICANTE,NOMBRE) values ('1','Super Electronics Inc');
Insert into PRODUCTOSDB.FABRICANTES (IDFABRICANTE,NOMBRE) values ('2','Home Makers SA');
Insert into PRODUCTOSDB.FABRICANTES (IDFABRICANTE,NOMBRE) values ('3','High Technology Corporation');
REM INSERTING into PRODUCTOSDB.LOG_AUDITORIA
SET DEFINE OFF;
Insert into PRODUCTOSDB.LOG_AUDITORIA (USUARIO,MENSAJE,FECHA) values ('PRODUCTOSDB','Se ha realizado un update en la tabla articulos_c',to_date('28/07/2019','DD/MM/RRRR'));
Insert into PRODUCTOSDB.LOG_AUDITORIA (USUARIO,MENSAJE,FECHA) values ('PRODUCTOSDB','Se ha realizado un update en la tabla articulos_c',to_date('28/07/2019','DD/MM/RRRR'));
Insert into PRODUCTOSDB.LOG_AUDITORIA (USUARIO,MENSAJE,FECHA) values ('PRODUCTOSDB','Se ha realizado un insert en la tabla articulos_c',to_date('28/07/2019','DD/MM/RRRR'));
Insert into PRODUCTOSDB.LOG_AUDITORIA (USUARIO,MENSAJE,FECHA) values ('PRODUCTOSDB','Se ha realizado un delete en la tabla articulos_c',to_date('28/07/2019','DD/MM/RRRR'));
Insert into PRODUCTOSDB.LOG_AUDITORIA (USUARIO,MENSAJE,FECHA) values ('PRODUCTOSDB','Se ha realizado una modificacion en la tabla articulos_c',to_date('28/07/2019','DD/MM/RRRR'));
Insert into PRODUCTOSDB.LOG_AUDITORIA (USUARIO,MENSAJE,FECHA) values ('PRODUCTOSDB','Se ha realizado una modificacion en la tabla articulos_c',to_date('28/07/2019','DD/MM/RRRR'));
Insert into PRODUCTOSDB.LOG_AUDITORIA (USUARIO,MENSAJE,FECHA) values ('PRODUCTOSDB','Se ha realizado una modificacion en la tabla articulos_c',to_date('28/07/2019','DD/MM/RRRR'));
Insert into PRODUCTOSDB.LOG_AUDITORIA (USUARIO,MENSAJE,FECHA) values ('PRODUCTOSDB','Se ha realizado un update en la tabla articulos_c',to_date('28/07/2019','DD/MM/RRRR'));
Insert into PRODUCTOSDB.LOG_AUDITORIA (USUARIO,MENSAJE,FECHA) values ('PRODUCTOSDB','Se ha realizado un insert en la tabla articulos_c',to_date('28/07/2019','DD/MM/RRRR'));
Insert into PRODUCTOSDB.LOG_AUDITORIA (USUARIO,MENSAJE,FECHA) values ('PRODUCTOSDB','Se ha realizado un delete en la tabla articulos_c',to_date('28/07/2019','DD/MM/RRRR'));
Insert into PRODUCTOSDB.LOG_AUDITORIA (USUARIO,MENSAJE,FECHA) values ('PRODUCTOSDB','Se ha realizado un update en la tabla articulos_c',to_date('28/07/2019','DD/MM/RRRR'));
Insert into PRODUCTOSDB.LOG_AUDITORIA (USUARIO,MENSAJE,FECHA) values ('PRODUCTOSDB','Se ha realizado un update  sobre el precio en la tabla articulos_c',to_date('28/07/2019','DD/MM/RRRR'));
Insert into PRODUCTOSDB.LOG_AUDITORIA (USUARIO,MENSAJE,FECHA) values ('PRODUCTOSDB','Se ha realizado un update  sobre el precio en la tabla articulos_c',to_date('28/07/2019','DD/MM/RRRR'));
Insert into PRODUCTOSDB.LOG_AUDITORIA (USUARIO,MENSAJE,FECHA) values ('PRODUCTOSDB','Se ha realizado un update  sobre el precio en la tabla articulos_c',to_date('28/07/2019','DD/MM/RRRR'));
Insert into PRODUCTOSDB.LOG_AUDITORIA (USUARIO,MENSAJE,FECHA) values ('PRODUCTOSDB','Se ha realizado un update  sobre el precio en la tabla articulos_c',to_date('28/07/2019','DD/MM/RRRR'));
Insert into PRODUCTOSDB.LOG_AUDITORIA (USUARIO,MENSAJE,FECHA) values ('PRODUCTOSDB','Se ha realizado un update  sobre el precio en la tabla articulos_c',to_date('28/07/2019','DD/MM/RRRR'));
Insert into PRODUCTOSDB.LOG_AUDITORIA (USUARIO,MENSAJE,FECHA) values ('PRODUCTOSDB','Se ha realizado un update  sobre el precio en la tabla articulos_c',to_date('28/07/2019','DD/MM/RRRR'));
Insert into PRODUCTOSDB.LOG_AUDITORIA (USUARIO,MENSAJE,FECHA) values ('PRODUCTOSDB','Se ha realizado un update  sobre el precio en la tabla articulos_c',to_date('28/07/2019','DD/MM/RRRR'));
Insert into PRODUCTOSDB.LOG_AUDITORIA (USUARIO,MENSAJE,FECHA) values ('PRODUCTOSDB','Se ha realizado un update  sobre el precio en la tabla articulos_c',to_date('28/07/2019','DD/MM/RRRR'));
Insert into PRODUCTOSDB.LOG_AUDITORIA (USUARIO,MENSAJE,FECHA) values ('PRODUCTOSDB','Se ha realizado un update  sobre el precio en la tabla articulos_c',to_date('28/07/2019','DD/MM/RRRR'));
Insert into PRODUCTOSDB.LOG_AUDITORIA (USUARIO,MENSAJE,FECHA) values ('PRODUCTOSDB','Se ha realizado un update  sobre el precio en la tabla articulos_c',to_date('28/07/2019','DD/MM/RRRR'));
Insert into PRODUCTOSDB.LOG_AUDITORIA (USUARIO,MENSAJE,FECHA) values ('PRODUCTOSDB','Se ha realizado un update  sobre el precio en la tabla articulos_c',to_date('28/07/2019','DD/MM/RRRR'));
Insert into PRODUCTOSDB.LOG_AUDITORIA (USUARIO,MENSAJE,FECHA) values ('PRODUCTOSDB','Se ha realizado un update  sobre el precio en la tabla articulos_c',to_date('28/07/2019','DD/MM/RRRR'));
Insert into PRODUCTOSDB.LOG_AUDITORIA (USUARIO,MENSAJE,FECHA) values ('PRODUCTOSDB','Se ha realizado un update  sobre el precio en la tabla articulos_c',to_date('28/07/2019','DD/MM/RRRR'));
Insert into PRODUCTOSDB.LOG_AUDITORIA (USUARIO,MENSAJE,FECHA) values ('PRODUCTOSDB','Se ha realizado un update  sobre el precio en la tabla articulos_c',to_date('28/07/2019','DD/MM/RRRR'));
Insert into PRODUCTOSDB.LOG_AUDITORIA (USUARIO,MENSAJE,FECHA) values ('PRODUCTOSDB','Se ha realizado un update  sobre el precio en la tabla articulos_c',to_date('28/07/2019','DD/MM/RRRR'));
Insert into PRODUCTOSDB.LOG_AUDITORIA (USUARIO,MENSAJE,FECHA) values ('PRODUCTOSDB','Se ha realizado un update  sobre el precio en la tabla articulos_c',to_date('28/07/2019','DD/MM/RRRR'));
Insert into PRODUCTOSDB.LOG_AUDITORIA (USUARIO,MENSAJE,FECHA) values ('PRODUCTOSDB','Se ha realizado un update  sobre el precio en la tabla articulos_c',to_date('28/07/2019','DD/MM/RRRR'));
Insert into PRODUCTOSDB.LOG_AUDITORIA (USUARIO,MENSAJE,FECHA) values ('PRODUCTOSDB','Se ha realizado un update  sobre el precio en la tabla articulos_c',to_date('28/07/2019','DD/MM/RRRR'));
Insert into PRODUCTOSDB.LOG_AUDITORIA (USUARIO,MENSAJE,FECHA) values ('PRODUCTOSDB','Se ha realizado un update  sobre el precio en la tabla articulos_c',to_date('28/07/2019','DD/MM/RRRR'));
Insert into PRODUCTOSDB.LOG_AUDITORIA (USUARIO,MENSAJE,FECHA) values ('PRODUCTOSDB','Se ha realizado un update  sobre el precio en la tabla articulos_c',to_date('28/07/2019','DD/MM/RRRR'));
Insert into PRODUCTOSDB.LOG_AUDITORIA (USUARIO,MENSAJE,FECHA) values ('PRODUCTOSDB','Se ha realizado un update  sobre el precio en la tabla articulos_c',to_date('28/07/2019','DD/MM/RRRR'));
Insert into PRODUCTOSDB.LOG_AUDITORIA (USUARIO,MENSAJE,FECHA) values ('PRODUCTOSDB','Se ha realizado un update en la tabla articulos_c',to_date('28/07/2019','DD/MM/RRRR'));
Insert into PRODUCTOSDB.LOG_AUDITORIA (USUARIO,MENSAJE,FECHA) values ('PRODUCTOSDB','Se ha realizado un update en la tabla articulos_c',to_date('28/07/2019','DD/MM/RRRR'));
Insert into PRODUCTOSDB.LOG_AUDITORIA (USUARIO,MENSAJE,FECHA) values ('PRODUCTOSDB','Se ha realizado un insert en la tabla articulos_c',to_date('28/07/2019','DD/MM/RRRR'));
Insert into PRODUCTOSDB.LOG_AUDITORIA (USUARIO,MENSAJE,FECHA) values ('PRODUCTOSDB','Se ha realizado un delete en la tabla articulos_c',to_date('28/07/2019','DD/MM/RRRR'));
Insert into PRODUCTOSDB.LOG_AUDITORIA (USUARIO,MENSAJE,FECHA) values ('PRODUCTOSDB','Se ha realizado una modificacion en la tabla articulos_c',to_date('28/07/2019','DD/MM/RRRR'));
Insert into PRODUCTOSDB.LOG_AUDITORIA (USUARIO,MENSAJE,FECHA) values ('PRODUCTOSDB','Se ha realizado una modificacion en la tabla articulos_c',to_date('28/07/2019','DD/MM/RRRR'));
Insert into PRODUCTOSDB.LOG_AUDITORIA (USUARIO,MENSAJE,FECHA) values ('PRODUCTOSDB','Se ha realizado una modificacion en la tabla articulos_c',to_date('28/07/2019','DD/MM/RRRR'));
Insert into PRODUCTOSDB.LOG_AUDITORIA (USUARIO,MENSAJE,FECHA) values ('PRODUCTOSDB','Se ha realizado un update en la tabla articulos_c',to_date('28/07/2019','DD/MM/RRRR'));
Insert into PRODUCTOSDB.LOG_AUDITORIA (USUARIO,MENSAJE,FECHA) values ('PRODUCTOSDB','Se ha realizado un insert en la tabla articulos_c',to_date('28/07/2019','DD/MM/RRRR'));
Insert into PRODUCTOSDB.LOG_AUDITORIA (USUARIO,MENSAJE,FECHA) values ('PRODUCTOSDB','Se ha realizado un delete en la tabla articulos_c',to_date('28/07/2019','DD/MM/RRRR'));
Insert into PRODUCTOSDB.LOG_AUDITORIA (USUARIO,MENSAJE,FECHA) values ('PRODUCTOSDB','Se ha realizado un update en la tabla articulos_c',to_date('28/07/2019','DD/MM/RRRR'));
Insert into PRODUCTOSDB.LOG_AUDITORIA (USUARIO,MENSAJE,FECHA) values ('PRODUCTOSDB','Se ha realizado un update  sobre el precio en la tabla articulos_c',to_date('28/07/2019','DD/MM/RRRR'));
Insert into PRODUCTOSDB.LOG_AUDITORIA (USUARIO,MENSAJE,FECHA) values ('PRODUCTOSDB','Se ha realizado un update  sobre el precio en la tabla articulos_c',to_date('28/07/2019','DD/MM/RRRR'));
Insert into PRODUCTOSDB.LOG_AUDITORIA (USUARIO,MENSAJE,FECHA) values ('PRODUCTOSDB','Se ha realizado un update  sobre el precio en la tabla articulos_c',to_date('28/07/2019','DD/MM/RRRR'));
Insert into PRODUCTOSDB.LOG_AUDITORIA (USUARIO,MENSAJE,FECHA) values ('PRODUCTOSDB','Se ha realizado un update  sobre el precio en la tabla articulos_c',to_date('28/07/2019','DD/MM/RRRR'));
Insert into PRODUCTOSDB.LOG_AUDITORIA (USUARIO,MENSAJE,FECHA) values ('PRODUCTOSDB','Se ha realizado un update  sobre el precio en la tabla articulos_c',to_date('28/07/2019','DD/MM/RRRR'));
Insert into PRODUCTOSDB.LOG_AUDITORIA (USUARIO,MENSAJE,FECHA) values ('PRODUCTOSDB','Se ha realizado un update  sobre el precio en la tabla articulos_c',to_date('28/07/2019','DD/MM/RRRR'));
Insert into PRODUCTOSDB.LOG_AUDITORIA (USUARIO,MENSAJE,FECHA) values ('PRODUCTOSDB','Se ha realizado un update  sobre el precio en la tabla articulos_c',to_date('28/07/2019','DD/MM/RRRR'));
Insert into PRODUCTOSDB.LOG_AUDITORIA (USUARIO,MENSAJE,FECHA) values ('PRODUCTOSDB','Se ha realizado un update  sobre el precio en la tabla articulos_c',to_date('28/07/2019','DD/MM/RRRR'));
Insert into PRODUCTOSDB.LOG_AUDITORIA (USUARIO,MENSAJE,FECHA) values ('PRODUCTOSDB','Se ha realizado un update  sobre el precio en la tabla articulos_c',to_date('28/07/2019','DD/MM/RRRR'));
Insert into PRODUCTOSDB.LOG_AUDITORIA (USUARIO,MENSAJE,FECHA) values ('PRODUCTOSDB','Se ha realizado un update  sobre el precio en la tabla articulos_c',to_date('28/07/2019','DD/MM/RRRR'));
Insert into PRODUCTOSDB.LOG_AUDITORIA (USUARIO,MENSAJE,FECHA) values ('PRODUCTOSDB','Se ha realizado un update  sobre el precio en la tabla articulos_c',to_date('28/07/2019','DD/MM/RRRR'));
Insert into PRODUCTOSDB.LOG_AUDITORIA (USUARIO,MENSAJE,FECHA) values ('PRODUCTOSDB','Se ha realizado un update  sobre el precio en la tabla articulos_c',to_date('28/07/2019','DD/MM/RRRR'));
Insert into PRODUCTOSDB.LOG_AUDITORIA (USUARIO,MENSAJE,FECHA) values ('PRODUCTOSDB','Se ha realizado un update  sobre el precio en la tabla articulos_c',to_date('28/07/2019','DD/MM/RRRR'));
Insert into PRODUCTOSDB.LOG_AUDITORIA (USUARIO,MENSAJE,FECHA) values ('PRODUCTOSDB','Se ha realizado un update  sobre el precio en la tabla articulos_c',to_date('28/07/2019','DD/MM/RRRR'));
Insert into PRODUCTOSDB.LOG_AUDITORIA (USUARIO,MENSAJE,FECHA) values ('PRODUCTOSDB','Se ha realizado un update  sobre el precio en la tabla articulos_c',to_date('28/07/2019','DD/MM/RRRR'));
Insert into PRODUCTOSDB.LOG_AUDITORIA (USUARIO,MENSAJE,FECHA) values ('PRODUCTOSDB','Se ha realizado un update  sobre el precio en la tabla articulos_c',to_date('28/07/2019','DD/MM/RRRR'));
Insert into PRODUCTOSDB.LOG_AUDITORIA (USUARIO,MENSAJE,FECHA) values ('PRODUCTOSDB','Se ha realizado un update  sobre el precio en la tabla articulos_c',to_date('28/07/2019','DD/MM/RRRR'));
Insert into PRODUCTOSDB.LOG_AUDITORIA (USUARIO,MENSAJE,FECHA) values ('PRODUCTOSDB','Se ha realizado un update  sobre el precio en la tabla articulos_c',to_date('28/07/2019','DD/MM/RRRR'));
Insert into PRODUCTOSDB.LOG_AUDITORIA (USUARIO,MENSAJE,FECHA) values ('PRODUCTOSDB','Se ha realizado un update  sobre el precio en la tabla articulos_c',to_date('28/07/2019','DD/MM/RRRR'));
Insert into PRODUCTOSDB.LOG_AUDITORIA (USUARIO,MENSAJE,FECHA) values ('PRODUCTOSDB','Se ha realizado un update  sobre el precio en la tabla articulos_c',to_date('28/07/2019','DD/MM/RRRR'));
Insert into PRODUCTOSDB.LOG_AUDITORIA (USUARIO,MENSAJE,FECHA) values ('PRODUCTOSDB','Se ha realizado un update  sobre el precio en la tabla articulos_c',to_date('28/07/2019','DD/MM/RRRR'));
REM INSERTING into PRODUCTOSDB.PEDIDO_FABRICA
SET DEFINE OFF;
Insert into PRODUCTOSDB.PEDIDO_FABRICA (IDPEDIDOFABRICA,IDSUCURSAL,IDARTICULO,IDFABRICANTE,FECHAPEDIDO,FECHARECIBIDO,CANTIDAD) values ('2','1','9','2',to_date('23/06/2019','DD/MM/RRRR'),null,'10');
Insert into PRODUCTOSDB.PEDIDO_FABRICA (IDPEDIDOFABRICA,IDSUCURSAL,IDARTICULO,IDFABRICANTE,FECHAPEDIDO,FECHARECIBIDO,CANTIDAD) values ('3','2','4','2',to_date('23/06/2019','DD/MM/RRRR'),null,'10');
Insert into PRODUCTOSDB.PEDIDO_FABRICA (IDPEDIDOFABRICA,IDSUCURSAL,IDARTICULO,IDFABRICANTE,FECHAPEDIDO,FECHARECIBIDO,CANTIDAD) values ('1','3','4','2',to_date('01/06/2019','DD/MM/RRRR'),to_date('04/06/2019','DD/MM/RRRR'),'7');
REM INSERTING into PRODUCTOSDB.PEDIDOS
SET DEFINE OFF;
Insert into PRODUCTOSDB.PEDIDOS (IDPEDIDO,IDCLIENTE,IDDIRECCION,FECHAALTA,IDCANALVENTA,IDSUCURSAL,FECHAENTREGADO) values ('1','2','2',to_date('06/06/2019','DD/MM/RRRR'),'1','4',to_date('08/06/2019','DD/MM/RRRR'));
Insert into PRODUCTOSDB.PEDIDOS (IDPEDIDO,IDCLIENTE,IDDIRECCION,FECHAALTA,IDCANALVENTA,IDSUCURSAL,FECHAENTREGADO) values ('2','3','3',to_date('20/06/2019','DD/MM/RRRR'),'3','2',null);
Insert into PRODUCTOSDB.PEDIDOS (IDPEDIDO,IDCLIENTE,IDDIRECCION,FECHAALTA,IDCANALVENTA,IDSUCURSAL,FECHAENTREGADO) values ('3','3','3',to_date('21/06/2019','DD/MM/RRRR'),'2','1',null);
Insert into PRODUCTOSDB.PEDIDOS (IDPEDIDO,IDCLIENTE,IDDIRECCION,FECHAALTA,IDCANALVENTA,IDSUCURSAL,FECHAENTREGADO) values ('4','1','1',to_date('28/07/2019','DD/MM/RRRR'),'2','4',null);
REM INSERTING into PRODUCTOSDB.PEDIDOS_ARTICULOS
SET DEFINE OFF;
Insert into PRODUCTOSDB.PEDIDOS_ARTICULOS (IDPEDIDOSARTICULOS,IDPEDIDO,IDARTICULO,CANTIDAD) values ('1','3','9','1');
Insert into PRODUCTOSDB.PEDIDOS_ARTICULOS (IDPEDIDOSARTICULOS,IDPEDIDO,IDARTICULO,CANTIDAD) values ('2','2','2','3');
Insert into PRODUCTOSDB.PEDIDOS_ARTICULOS (IDPEDIDOSARTICULOS,IDPEDIDO,IDARTICULO,CANTIDAD) values ('3','1','5','4');
Insert into PRODUCTOSDB.PEDIDOS_ARTICULOS (IDPEDIDOSARTICULOS,IDPEDIDO,IDARTICULO,CANTIDAD) values ('5','3','8','2');
Insert into PRODUCTOSDB.PEDIDOS_ARTICULOS (IDPEDIDOSARTICULOS,IDPEDIDO,IDARTICULO,CANTIDAD) values ('4','2','6','2');
REM INSERTING into PRODUCTOSDB.SUCURSALES
SET DEFINE OFF;
Insert into PRODUCTOSDB.SUCURSALES (IDSUCURSAL,NOMBRE,DESCRIPCION) values ('1','Sucursal Oeste','Venta al publico y mayorista');
Insert into PRODUCTOSDB.SUCURSALES (IDSUCURSAL,NOMBRE,DESCRIPCION) values ('2','Sucursal Centro','Casa matriz');
Insert into PRODUCTOSDB.SUCURSALES (IDSUCURSAL,NOMBRE,DESCRIPCION) values ('3','Local en SuperMall','Local en un mall');
Insert into PRODUCTOSDB.SUCURSALES (IDSUCURSAL,NOMBRE,DESCRIPCION) values ('4','Deposito ECommerce','Sin venta al publico, Solo mediante la web o telefono');
REM INSERTING into PRODUCTOSDB.TELEFONOS
SET DEFINE OFF;
Insert into PRODUCTOSDB.TELEFONOS (IDTELEFONO,TIPO,NUMERO,DESCRIPCION,IDCLIENTE) values ('1','Personal','11223344',null,'1');
Insert into PRODUCTOSDB.TELEFONOS (IDTELEFONO,TIPO,NUMERO,DESCRIPCION,IDCLIENTE) values ('2','Personal','11223355',null,'5');
Insert into PRODUCTOSDB.TELEFONOS (IDTELEFONO,TIPO,NUMERO,DESCRIPCION,IDCLIENTE) values ('3','Laboral','55778899',null,'5');
Insert into PRODUCTOSDB.TELEFONOS (IDTELEFONO,TIPO,NUMERO,DESCRIPCION,IDCLIENTE) values ('4','Personal','77889910',null,'3');
Insert into PRODUCTOSDB.TELEFONOS (IDTELEFONO,TIPO,NUMERO,DESCRIPCION,IDCLIENTE) values ('5','Personal','88554481',null,'4');
Insert into PRODUCTOSDB.TELEFONOS (IDTELEFONO,TIPO,NUMERO,DESCRIPCION,IDCLIENTE) values ('6','Laboral','77884698',null,'3');
Insert into PRODUCTOSDB.TELEFONOS (IDTELEFONO,TIPO,NUMERO,DESCRIPCION,IDCLIENTE) values ('7','Personal','22223333',null,'2');
--------------------------------------------------------
--  DDL for Index ARTICULOS_FABRICANTES_PK
--------------------------------------------------------

  CREATE UNIQUE INDEX "PRODUCTOSDB"."ARTICULOS_FABRICANTES_PK" ON "PRODUCTOSDB"."ARTICULOS_FABRICANTES" ("IDARTICULOSFABRICANTES") 
  PCTFREE 10 INITRANS 2 MAXTRANS 255 COMPUTE STATISTICS 
  STORAGE(INITIAL 65536 NEXT 1048576 MINEXTENTS 1 MAXEXTENTS 2147483645
  PCTINCREASE 0 FREELISTS 1 FREELIST GROUPS 1 BUFFER_POOL DEFAULT FLASH_CACHE DEFAULT CELL_FLASH_CACHE DEFAULT)
  TABLESPACE "SYSAUX" ;
--------------------------------------------------------
--  DDL for Index ARTICULOS_PK
--------------------------------------------------------

  CREATE UNIQUE INDEX "PRODUCTOSDB"."ARTICULOS_PK" ON "PRODUCTOSDB"."ARTICULOS" ("IDARTICULO") 
  PCTFREE 10 INITRANS 2 MAXTRANS 255 COMPUTE STATISTICS 
  STORAGE(INITIAL 65536 NEXT 1048576 MINEXTENTS 1 MAXEXTENTS 2147483645
  PCTINCREASE 0 FREELISTS 1 FREELIST GROUPS 1 BUFFER_POOL DEFAULT FLASH_CACHE DEFAULT CELL_FLASH_CACHE DEFAULT)
  TABLESPACE "SYSAUX" ;
--------------------------------------------------------
--  DDL for Index ARTICULOS_SUCURSALES_PK
--------------------------------------------------------

  CREATE UNIQUE INDEX "PRODUCTOSDB"."ARTICULOS_SUCURSALES_PK" ON "PRODUCTOSDB"."ARTICULOS_SUCURSALES" ("IDARTICULOSSUCURSALES") 
  PCTFREE 10 INITRANS 2 MAXTRANS 255 COMPUTE STATISTICS 
  STORAGE(INITIAL 65536 NEXT 1048576 MINEXTENTS 1 MAXEXTENTS 2147483645
  PCTINCREASE 0 FREELISTS 1 FREELIST GROUPS 1 BUFFER_POOL DEFAULT FLASH_CACHE DEFAULT CELL_FLASH_CACHE DEFAULT)
  TABLESPACE "SYSAUX" ;
--------------------------------------------------------
--  DDL for Index CANALESVENTA_PK
--------------------------------------------------------

  CREATE UNIQUE INDEX "PRODUCTOSDB"."CANALESVENTA_PK" ON "PRODUCTOSDB"."CANALES_VENTA" ("IDCANALVENTA") 
  PCTFREE 10 INITRANS 2 MAXTRANS 255 COMPUTE STATISTICS 
  STORAGE(INITIAL 65536 NEXT 1048576 MINEXTENTS 1 MAXEXTENTS 2147483645
  PCTINCREASE 0 FREELISTS 1 FREELIST GROUPS 1 BUFFER_POOL DEFAULT FLASH_CACHE DEFAULT CELL_FLASH_CACHE DEFAULT)
  TABLESPACE "SYSAUX" ;
--------------------------------------------------------
--  DDL for Index CLIENTES_PK
--------------------------------------------------------

  CREATE UNIQUE INDEX "PRODUCTOSDB"."CLIENTES_PK" ON "PRODUCTOSDB"."CLIENTES" ("IDCLIENTE") 
  PCTFREE 10 INITRANS 2 MAXTRANS 255 COMPUTE STATISTICS 
  STORAGE(INITIAL 65536 NEXT 1048576 MINEXTENTS 1 MAXEXTENTS 2147483645
  PCTINCREASE 0 FREELISTS 1 FREELIST GROUPS 1 BUFFER_POOL DEFAULT FLASH_CACHE DEFAULT CELL_FLASH_CACHE DEFAULT)
  TABLESPACE "SYSAUX" ;
--------------------------------------------------------
--  DDL for Index DIRECCIONES_PK
--------------------------------------------------------

  CREATE UNIQUE INDEX "PRODUCTOSDB"."DIRECCIONES_PK" ON "PRODUCTOSDB"."DIRECCIONES" ("IDDIRECCION") 
  PCTFREE 10 INITRANS 2 MAXTRANS 255 COMPUTE STATISTICS 
  STORAGE(INITIAL 65536 NEXT 1048576 MINEXTENTS 1 MAXEXTENTS 2147483645
  PCTINCREASE 0 FREELISTS 1 FREELIST GROUPS 1 BUFFER_POOL DEFAULT FLASH_CACHE DEFAULT CELL_FLASH_CACHE DEFAULT)
  TABLESPACE "SYSAUX" ;
--------------------------------------------------------
--  DDL for Index EMAILS_PK
--------------------------------------------------------

  CREATE UNIQUE INDEX "PRODUCTOSDB"."EMAILS_PK" ON "PRODUCTOSDB"."EMAILS" ("IDEMAIL") 
  PCTFREE 10 INITRANS 2 MAXTRANS 255 COMPUTE STATISTICS 
  STORAGE(INITIAL 65536 NEXT 1048576 MINEXTENTS 1 MAXEXTENTS 2147483645
  PCTINCREASE 0 FREELISTS 1 FREELIST GROUPS 1 BUFFER_POOL DEFAULT FLASH_CACHE DEFAULT CELL_FLASH_CACHE DEFAULT)
  TABLESPACE "SYSAUX" ;
--------------------------------------------------------
--  DDL for Index FABRICANTES_PK
--------------------------------------------------------

  CREATE UNIQUE INDEX "PRODUCTOSDB"."FABRICANTES_PK" ON "PRODUCTOSDB"."FABRICANTES" ("IDFABRICANTE") 
  PCTFREE 10 INITRANS 2 MAXTRANS 255 COMPUTE STATISTICS 
  STORAGE(INITIAL 65536 NEXT 1048576 MINEXTENTS 1 MAXEXTENTS 2147483645
  PCTINCREASE 0 FREELISTS 1 FREELIST GROUPS 1 BUFFER_POOL DEFAULT FLASH_CACHE DEFAULT CELL_FLASH_CACHE DEFAULT)
  TABLESPACE "SYSAUX" ;
--------------------------------------------------------
--  DDL for Index PEDIDO_FABRICA_PK
--------------------------------------------------------

  CREATE UNIQUE INDEX "PRODUCTOSDB"."PEDIDO_FABRICA_PK" ON "PRODUCTOSDB"."PEDIDO_FABRICA" ("IDPEDIDOFABRICA") 
  PCTFREE 10 INITRANS 2 MAXTRANS 255 COMPUTE STATISTICS 
  STORAGE(INITIAL 65536 NEXT 1048576 MINEXTENTS 1 MAXEXTENTS 2147483645
  PCTINCREASE 0 FREELISTS 1 FREELIST GROUPS 1 BUFFER_POOL DEFAULT FLASH_CACHE DEFAULT CELL_FLASH_CACHE DEFAULT)
  TABLESPACE "SYSAUX" ;
--------------------------------------------------------
--  DDL for Index PEDIDOS_ARTICULOS_PK
--------------------------------------------------------

  CREATE UNIQUE INDEX "PRODUCTOSDB"."PEDIDOS_ARTICULOS_PK" ON "PRODUCTOSDB"."PEDIDOS_ARTICULOS" ("IDPEDIDOSARTICULOS") 
  PCTFREE 10 INITRANS 2 MAXTRANS 255 COMPUTE STATISTICS 
  STORAGE(INITIAL 65536 NEXT 1048576 MINEXTENTS 1 MAXEXTENTS 2147483645
  PCTINCREASE 0 FREELISTS 1 FREELIST GROUPS 1 BUFFER_POOL DEFAULT FLASH_CACHE DEFAULT CELL_FLASH_CACHE DEFAULT)
  TABLESPACE "SYSAUX" ;
--------------------------------------------------------
--  DDL for Index PEDIDOS_PK
--------------------------------------------------------

  CREATE UNIQUE INDEX "PRODUCTOSDB"."PEDIDOS_PK" ON "PRODUCTOSDB"."PEDIDOS" ("IDPEDIDO") 
  PCTFREE 10 INITRANS 2 MAXTRANS 255 COMPUTE STATISTICS 
  STORAGE(INITIAL 65536 NEXT 1048576 MINEXTENTS 1 MAXEXTENTS 2147483645
  PCTINCREASE 0 FREELISTS 1 FREELIST GROUPS 1 BUFFER_POOL DEFAULT FLASH_CACHE DEFAULT CELL_FLASH_CACHE DEFAULT)
  TABLESPACE "SYSAUX" ;
--------------------------------------------------------
--  DDL for Index SUCURSALES_PK
--------------------------------------------------------

  CREATE UNIQUE INDEX "PRODUCTOSDB"."SUCURSALES_PK" ON "PRODUCTOSDB"."SUCURSALES" ("IDSUCURSAL") 
  PCTFREE 10 INITRANS 2 MAXTRANS 255 COMPUTE STATISTICS 
  STORAGE(INITIAL 65536 NEXT 1048576 MINEXTENTS 1 MAXEXTENTS 2147483645
  PCTINCREASE 0 FREELISTS 1 FREELIST GROUPS 1 BUFFER_POOL DEFAULT FLASH_CACHE DEFAULT CELL_FLASH_CACHE DEFAULT)
  TABLESPACE "SYSAUX" ;
--------------------------------------------------------
--  DDL for Index TELEFONOS_PK
--------------------------------------------------------

  CREATE UNIQUE INDEX "PRODUCTOSDB"."TELEFONOS_PK" ON "PRODUCTOSDB"."TELEFONOS" ("IDTELEFONO") 
  PCTFREE 10 INITRANS 2 MAXTRANS 255 COMPUTE STATISTICS 
  STORAGE(INITIAL 65536 NEXT 1048576 MINEXTENTS 1 MAXEXTENTS 2147483645
  PCTINCREASE 0 FREELISTS 1 FREELIST GROUPS 1 BUFFER_POOL DEFAULT FLASH_CACHE DEFAULT CELL_FLASH_CACHE DEFAULT)
  TABLESPACE "SYSAUX" ;

--------------------------------------------------------
--  Constraints for Table ARTICULOS
--------------------------------------------------------

  ALTER TABLE "PRODUCTOSDB"."ARTICULOS" ADD CONSTRAINT "ARTICULOS_PK" PRIMARY KEY ("IDARTICULO")
  USING INDEX PCTFREE 10 INITRANS 2 MAXTRANS 255 COMPUTE STATISTICS 
  STORAGE(INITIAL 65536 NEXT 1048576 MINEXTENTS 1 MAXEXTENTS 2147483645
  PCTINCREASE 0 FREELISTS 1 FREELIST GROUPS 1 BUFFER_POOL DEFAULT FLASH_CACHE DEFAULT CELL_FLASH_CACHE DEFAULT)
  TABLESPACE "SYSAUX"  ENABLE;
  ALTER TABLE "PRODUCTOSDB"."ARTICULOS" MODIFY ("IDARTICULO" NOT NULL ENABLE);
--------------------------------------------------------
--  Constraints for Table ARTICULOS_C
--------------------------------------------------------

  ALTER TABLE "PRODUCTOSDB"."ARTICULOS_C" MODIFY ("IDARTICULO" NOT NULL ENABLE);
--------------------------------------------------------
--  Constraints for Table ARTICULOS_FABRICANTES
--------------------------------------------------------

  ALTER TABLE "PRODUCTOSDB"."ARTICULOS_FABRICANTES" MODIFY ("IDFABRICANTE" NOT NULL ENABLE);
  ALTER TABLE "PRODUCTOSDB"."ARTICULOS_FABRICANTES" ADD CONSTRAINT "ARTICULOS_FABRICANTES_PK" PRIMARY KEY ("IDARTICULOSFABRICANTES")
  USING INDEX PCTFREE 10 INITRANS 2 MAXTRANS 255 COMPUTE STATISTICS 
  STORAGE(INITIAL 65536 NEXT 1048576 MINEXTENTS 1 MAXEXTENTS 2147483645
  PCTINCREASE 0 FREELISTS 1 FREELIST GROUPS 1 BUFFER_POOL DEFAULT FLASH_CACHE DEFAULT CELL_FLASH_CACHE DEFAULT)
  TABLESPACE "SYSAUX"  ENABLE;
  ALTER TABLE "PRODUCTOSDB"."ARTICULOS_FABRICANTES" MODIFY ("IDARTICULO" NOT NULL ENABLE);
  ALTER TABLE "PRODUCTOSDB"."ARTICULOS_FABRICANTES" MODIFY ("IDARTICULOSFABRICANTES" NOT NULL ENABLE);
--------------------------------------------------------
--  Constraints for Table ARTICULOS_SUCURSALES
--------------------------------------------------------

  ALTER TABLE "PRODUCTOSDB"."ARTICULOS_SUCURSALES" ADD CONSTRAINT "ARTICULOS_SUCURSALES_PK" PRIMARY KEY ("IDARTICULOSSUCURSALES")
  USING INDEX PCTFREE 10 INITRANS 2 MAXTRANS 255 COMPUTE STATISTICS 
  STORAGE(INITIAL 65536 NEXT 1048576 MINEXTENTS 1 MAXEXTENTS 2147483645
  PCTINCREASE 0 FREELISTS 1 FREELIST GROUPS 1 BUFFER_POOL DEFAULT FLASH_CACHE DEFAULT CELL_FLASH_CACHE DEFAULT)
  TABLESPACE "SYSAUX"  ENABLE;
  ALTER TABLE "PRODUCTOSDB"."ARTICULOS_SUCURSALES" MODIFY ("STOCK" NOT NULL ENABLE);
  ALTER TABLE "PRODUCTOSDB"."ARTICULOS_SUCURSALES" MODIFY ("IDSUCURSAL" NOT NULL ENABLE);
  ALTER TABLE "PRODUCTOSDB"."ARTICULOS_SUCURSALES" MODIFY ("IDARTICULO" NOT NULL ENABLE);
  ALTER TABLE "PRODUCTOSDB"."ARTICULOS_SUCURSALES" MODIFY ("IDARTICULOSSUCURSALES" NOT NULL ENABLE);
--------------------------------------------------------
--  Constraints for Table CANALES_VENTA
--------------------------------------------------------

  ALTER TABLE "PRODUCTOSDB"."CANALES_VENTA" MODIFY ("COSTOENTREGA" NOT NULL ENABLE);
  ALTER TABLE "PRODUCTOSDB"."CANALES_VENTA" ADD CONSTRAINT "CANALESVENTA_PK" PRIMARY KEY ("IDCANALVENTA")
  USING INDEX PCTFREE 10 INITRANS 2 MAXTRANS 255 COMPUTE STATISTICS 
  STORAGE(INITIAL 65536 NEXT 1048576 MINEXTENTS 1 MAXEXTENTS 2147483645
  PCTINCREASE 0 FREELISTS 1 FREELIST GROUPS 1 BUFFER_POOL DEFAULT FLASH_CACHE DEFAULT CELL_FLASH_CACHE DEFAULT)
  TABLESPACE "SYSAUX"  ENABLE;
  ALTER TABLE "PRODUCTOSDB"."CANALES_VENTA" MODIFY ("NOMBRE" NOT NULL ENABLE);
  ALTER TABLE "PRODUCTOSDB"."CANALES_VENTA" MODIFY ("IDCANALVENTA" NOT NULL ENABLE);
--------------------------------------------------------
--  Constraints for Table CLIENTES
--------------------------------------------------------

  ALTER TABLE "PRODUCTOSDB"."CLIENTES" ADD CONSTRAINT "CLIENTES_PK" PRIMARY KEY ("IDCLIENTE")
  USING INDEX PCTFREE 10 INITRANS 2 MAXTRANS 255 COMPUTE STATISTICS 
  STORAGE(INITIAL 65536 NEXT 1048576 MINEXTENTS 1 MAXEXTENTS 2147483645
  PCTINCREASE 0 FREELISTS 1 FREELIST GROUPS 1 BUFFER_POOL DEFAULT FLASH_CACHE DEFAULT CELL_FLASH_CACHE DEFAULT)
  TABLESPACE "SYSAUX"  ENABLE;
  ALTER TABLE "PRODUCTOSDB"."CLIENTES" MODIFY ("IDCLIENTE" NOT NULL ENABLE);
--------------------------------------------------------
--  Constraints for Table DIRECCIONES
--------------------------------------------------------

  ALTER TABLE "PRODUCTOSDB"."DIRECCIONES" MODIFY ("IDCLIENTE" NOT NULL ENABLE);
  ALTER TABLE "PRODUCTOSDB"."DIRECCIONES" ADD CONSTRAINT "DIRECCIONES_PK" PRIMARY KEY ("IDDIRECCION")
  USING INDEX PCTFREE 10 INITRANS 2 MAXTRANS 255 COMPUTE STATISTICS 
  STORAGE(INITIAL 65536 NEXT 1048576 MINEXTENTS 1 MAXEXTENTS 2147483645
  PCTINCREASE 0 FREELISTS 1 FREELIST GROUPS 1 BUFFER_POOL DEFAULT FLASH_CACHE DEFAULT CELL_FLASH_CACHE DEFAULT)
  TABLESPACE "SYSAUX"  ENABLE;
  ALTER TABLE "PRODUCTOSDB"."DIRECCIONES" MODIFY ("IDDIRECCION" NOT NULL ENABLE);
--------------------------------------------------------
--  Constraints for Table EMAILS
--------------------------------------------------------

  ALTER TABLE "PRODUCTOSDB"."EMAILS" MODIFY ("IDCLIENTE" NOT NULL ENABLE);
  ALTER TABLE "PRODUCTOSDB"."EMAILS" ADD CONSTRAINT "EMAILS_PK" PRIMARY KEY ("IDEMAIL")
  USING INDEX PCTFREE 10 INITRANS 2 MAXTRANS 255 COMPUTE STATISTICS 
  STORAGE(INITIAL 65536 NEXT 1048576 MINEXTENTS 1 MAXEXTENTS 2147483645
  PCTINCREASE 0 FREELISTS 1 FREELIST GROUPS 1 BUFFER_POOL DEFAULT FLASH_CACHE DEFAULT CELL_FLASH_CACHE DEFAULT)
  TABLESPACE "SYSAUX"  ENABLE;
  ALTER TABLE "PRODUCTOSDB"."EMAILS" MODIFY ("DIRECCION" NOT NULL ENABLE);
  ALTER TABLE "PRODUCTOSDB"."EMAILS" MODIFY ("IDEMAIL" NOT NULL ENABLE);
--------------------------------------------------------
--  Constraints for Table FABRICANTES
--------------------------------------------------------

  ALTER TABLE "PRODUCTOSDB"."FABRICANTES" ADD CONSTRAINT "FABRICANTES_PK" PRIMARY KEY ("IDFABRICANTE")
  USING INDEX PCTFREE 10 INITRANS 2 MAXTRANS 255 COMPUTE STATISTICS 
  STORAGE(INITIAL 65536 NEXT 1048576 MINEXTENTS 1 MAXEXTENTS 2147483645
  PCTINCREASE 0 FREELISTS 1 FREELIST GROUPS 1 BUFFER_POOL DEFAULT FLASH_CACHE DEFAULT CELL_FLASH_CACHE DEFAULT)
  TABLESPACE "SYSAUX"  ENABLE;
  ALTER TABLE "PRODUCTOSDB"."FABRICANTES" MODIFY ("IDFABRICANTE" NOT NULL ENABLE);
--------------------------------------------------------
--  Constraints for Table PEDIDO_FABRICA
--------------------------------------------------------

  ALTER TABLE "PRODUCTOSDB"."PEDIDO_FABRICA" ADD CONSTRAINT "PEDIDO_FABRICA_PK" PRIMARY KEY ("IDPEDIDOFABRICA")
  USING INDEX PCTFREE 10 INITRANS 2 MAXTRANS 255 COMPUTE STATISTICS 
  STORAGE(INITIAL 65536 NEXT 1048576 MINEXTENTS 1 MAXEXTENTS 2147483645
  PCTINCREASE 0 FREELISTS 1 FREELIST GROUPS 1 BUFFER_POOL DEFAULT FLASH_CACHE DEFAULT CELL_FLASH_CACHE DEFAULT)
  TABLESPACE "SYSAUX"  ENABLE;
  ALTER TABLE "PRODUCTOSDB"."PEDIDO_FABRICA" MODIFY ("IDPEDIDOFABRICA" NOT NULL ENABLE);
--------------------------------------------------------
--  Constraints for Table PEDIDOS
--------------------------------------------------------

  ALTER TABLE "PRODUCTOSDB"."PEDIDOS" MODIFY ("IDSUCURSAL" NOT NULL ENABLE);
  ALTER TABLE "PRODUCTOSDB"."PEDIDOS" ADD CONSTRAINT "PEDIDOS_PK" PRIMARY KEY ("IDPEDIDO")
  USING INDEX PCTFREE 10 INITRANS 2 MAXTRANS 255 COMPUTE STATISTICS 
  STORAGE(INITIAL 65536 NEXT 1048576 MINEXTENTS 1 MAXEXTENTS 2147483645
  PCTINCREASE 0 FREELISTS 1 FREELIST GROUPS 1 BUFFER_POOL DEFAULT FLASH_CACHE DEFAULT CELL_FLASH_CACHE DEFAULT)
  TABLESPACE "SYSAUX"  ENABLE;
  ALTER TABLE "PRODUCTOSDB"."PEDIDOS" MODIFY ("IDCANALVENTA" NOT NULL ENABLE);
  ALTER TABLE "PRODUCTOSDB"."PEDIDOS" MODIFY ("IDDIRECCION" NOT NULL ENABLE);
  ALTER TABLE "PRODUCTOSDB"."PEDIDOS" MODIFY ("IDCLIENTE" NOT NULL ENABLE);
  ALTER TABLE "PRODUCTOSDB"."PEDIDOS" MODIFY ("IDPEDIDO" NOT NULL ENABLE);
--------------------------------------------------------
--  Constraints for Table PEDIDOS_ARTICULOS
--------------------------------------------------------

  ALTER TABLE "PRODUCTOSDB"."PEDIDOS_ARTICULOS" ADD CONSTRAINT "PEDIDOS_ARTICULOS_PK" PRIMARY KEY ("IDPEDIDOSARTICULOS")
  USING INDEX PCTFREE 10 INITRANS 2 MAXTRANS 255 COMPUTE STATISTICS 
  STORAGE(INITIAL 65536 NEXT 1048576 MINEXTENTS 1 MAXEXTENTS 2147483645
  PCTINCREASE 0 FREELISTS 1 FREELIST GROUPS 1 BUFFER_POOL DEFAULT FLASH_CACHE DEFAULT CELL_FLASH_CACHE DEFAULT)
  TABLESPACE "SYSAUX"  ENABLE;
  ALTER TABLE "PRODUCTOSDB"."PEDIDOS_ARTICULOS" MODIFY ("IDPEDIDOSARTICULOS" NOT NULL ENABLE);
  ALTER TABLE "PRODUCTOSDB"."PEDIDOS_ARTICULOS" MODIFY ("CANTIDAD" NOT NULL ENABLE);
  ALTER TABLE "PRODUCTOSDB"."PEDIDOS_ARTICULOS" MODIFY ("IDARTICULO" NOT NULL ENABLE);
  ALTER TABLE "PRODUCTOSDB"."PEDIDOS_ARTICULOS" MODIFY ("IDPEDIDO" NOT NULL ENABLE);
--------------------------------------------------------
--  Constraints for Table SUCURSALES
--------------------------------------------------------

  ALTER TABLE "PRODUCTOSDB"."SUCURSALES" ADD CONSTRAINT "SUCURSALES_PK" PRIMARY KEY ("IDSUCURSAL")
  USING INDEX PCTFREE 10 INITRANS 2 MAXTRANS 255 COMPUTE STATISTICS 
  STORAGE(INITIAL 65536 NEXT 1048576 MINEXTENTS 1 MAXEXTENTS 2147483645
  PCTINCREASE 0 FREELISTS 1 FREELIST GROUPS 1 BUFFER_POOL DEFAULT FLASH_CACHE DEFAULT CELL_FLASH_CACHE DEFAULT)
  TABLESPACE "SYSAUX"  ENABLE;
  ALTER TABLE "PRODUCTOSDB"."SUCURSALES" MODIFY ("IDSUCURSAL" NOT NULL ENABLE);
--------------------------------------------------------
--  Constraints for Table TELEFONOS
--------------------------------------------------------

  ALTER TABLE "PRODUCTOSDB"."TELEFONOS" MODIFY ("IDCLIENTE" NOT NULL ENABLE);
  ALTER TABLE "PRODUCTOSDB"."TELEFONOS" ADD CONSTRAINT "TELEFONOS_PK" PRIMARY KEY ("IDTELEFONO")
  USING INDEX PCTFREE 10 INITRANS 2 MAXTRANS 255 COMPUTE STATISTICS 
  STORAGE(INITIAL 65536 NEXT 1048576 MINEXTENTS 1 MAXEXTENTS 2147483645
  PCTINCREASE 0 FREELISTS 1 FREELIST GROUPS 1 BUFFER_POOL DEFAULT FLASH_CACHE DEFAULT CELL_FLASH_CACHE DEFAULT)
  TABLESPACE "SYSAUX"  ENABLE;
  ALTER TABLE "PRODUCTOSDB"."TELEFONOS" MODIFY ("IDTELEFONO" NOT NULL ENABLE);
--------------------------------------------------------
--  Ref Constraints for Table ARTICULOS_FABRICANTES
--------------------------------------------------------

  ALTER TABLE "PRODUCTOSDB"."ARTICULOS_FABRICANTES" ADD CONSTRAINT "ARTICULOS_FABRICANTES_FK1" FOREIGN KEY ("IDARTICULO")
	  REFERENCES "PRODUCTOSDB"."ARTICULOS" ("IDARTICULO") ENABLE;
  ALTER TABLE "PRODUCTOSDB"."ARTICULOS_FABRICANTES" ADD CONSTRAINT "ARTICULOS_FABRICANTES_FK2" FOREIGN KEY ("IDFABRICANTE")
	  REFERENCES "PRODUCTOSDB"."FABRICANTES" ("IDFABRICANTE") ENABLE;
--------------------------------------------------------
--  Ref Constraints for Table ARTICULOS_SUCURSALES
--------------------------------------------------------

  ALTER TABLE "PRODUCTOSDB"."ARTICULOS_SUCURSALES" ADD CONSTRAINT "ARTICULOS_SUCURSALES_FK1" FOREIGN KEY ("IDSUCURSAL")
	  REFERENCES "PRODUCTOSDB"."SUCURSALES" ("IDSUCURSAL") ENABLE;
--------------------------------------------------------
--  Ref Constraints for Table DIRECCIONES
--------------------------------------------------------

  ALTER TABLE "PRODUCTOSDB"."DIRECCIONES" ADD CONSTRAINT "DIRECCIONES_FK1" FOREIGN KEY ("IDCLIENTE")
	  REFERENCES "PRODUCTOSDB"."CLIENTES" ("IDCLIENTE") ENABLE;
--------------------------------------------------------
--  Ref Constraints for Table EMAILS
--------------------------------------------------------

  ALTER TABLE "PRODUCTOSDB"."EMAILS" ADD CONSTRAINT "EMAILS_FK1" FOREIGN KEY ("IDCLIENTE")
	  REFERENCES "PRODUCTOSDB"."CLIENTES" ("IDCLIENTE") ENABLE;
--------------------------------------------------------
--  Ref Constraints for Table PEDIDO_FABRICA
--------------------------------------------------------

  ALTER TABLE "PRODUCTOSDB"."PEDIDO_FABRICA" ADD CONSTRAINT "PEDIDO_FABRICA_FK1" FOREIGN KEY ("IDSUCURSAL")
	  REFERENCES "PRODUCTOSDB"."SUCURSALES" ("IDSUCURSAL") ENABLE;
  ALTER TABLE "PRODUCTOSDB"."PEDIDO_FABRICA" ADD CONSTRAINT "PEDIDO_FABRICA_FK2" FOREIGN KEY ("IDARTICULO")
	  REFERENCES "PRODUCTOSDB"."ARTICULOS" ("IDARTICULO") ENABLE;
  ALTER TABLE "PRODUCTOSDB"."PEDIDO_FABRICA" ADD CONSTRAINT "PEDIDO_FABRICA_FK3" FOREIGN KEY ("IDFABRICANTE")
	  REFERENCES "PRODUCTOSDB"."FABRICANTES" ("IDFABRICANTE") ENABLE;
--------------------------------------------------------
--  Ref Constraints for Table PEDIDOS
--------------------------------------------------------

  ALTER TABLE "PRODUCTOSDB"."PEDIDOS" ADD CONSTRAINT "PEDIDOS_FK1" FOREIGN KEY ("IDCANALVENTA")
	  REFERENCES "PRODUCTOSDB"."CANALES_VENTA" ("IDCANALVENTA") ENABLE;
  ALTER TABLE "PRODUCTOSDB"."PEDIDOS" ADD CONSTRAINT "PEDIDOS_FK2" FOREIGN KEY ("IDDIRECCION")
	  REFERENCES "PRODUCTOSDB"."DIRECCIONES" ("IDDIRECCION") ENABLE;
  ALTER TABLE "PRODUCTOSDB"."PEDIDOS" ADD CONSTRAINT "PEDIDOS_FK3" FOREIGN KEY ("IDSUCURSAL")
	  REFERENCES "PRODUCTOSDB"."SUCURSALES" ("IDSUCURSAL") ENABLE;
--------------------------------------------------------
--  Ref Constraints for Table PEDIDOS_ARTICULOS
--------------------------------------------------------

  ALTER TABLE "PRODUCTOSDB"."PEDIDOS_ARTICULOS" ADD CONSTRAINT "PEDIDOS_ARTICULOS_FK1" FOREIGN KEY ("IDPEDIDO")
	  REFERENCES "PRODUCTOSDB"."PEDIDOS" ("IDPEDIDO") ENABLE;
  ALTER TABLE "PRODUCTOSDB"."PEDIDOS_ARTICULOS" ADD CONSTRAINT "PEDIDOS_ARTICULOS_FK2" FOREIGN KEY ("IDARTICULO")
	  REFERENCES "PRODUCTOSDB"."ARTICULOS" ("IDARTICULO") ENABLE;
--------------------------------------------------------
--  Ref Constraints for Table TELEFONOS
--------------------------------------------------------

  ALTER TABLE "PRODUCTOSDB"."TELEFONOS" ADD CONSTRAINT "TELEFONOS_FK1" FOREIGN KEY ("IDCLIENTE")
	  REFERENCES "PRODUCTOSDB"."CLIENTES" ("IDCLIENTE") ENABLE;
